source,page_source,text_content,datetime,location,disaster_type,url
Facebook,BFPRHQ11,"ppsa cadets pay courtesy call to rd maslang ahead of ppsacat 2025 | a total of 12 cadets and three personnel from the philippine public safety academy (ppsa), headed by jsinsp diana c danganan, paid a courtesy call to fcsupt junito f maslang, dsc, regional director of the bureau of fire protection region 11, in preparation for the upcoming philippine public safety academy cadet admission test (ppsacat) for class 2028. the visit aimed to strengthen coordination and provide updates on the nationwide conduct of the ppsacat 2025, which is scheduled on october 26, 2025 (sunday). one of the designated testing centers in mindanao is the university of mindanao (bolton campus) in davao city. for further details and updates, examinees may visit ppsas official website at ppsa.edu.ph or you may also follow the official ppsa facebook page for announcements and detailed information about the upcoming exam. ppsa cadets pay courtesy call to rd maslang ahead of ppsacat 2025 | a total of 12 cadets and three personnel from the philippine public safety academy (ppsa), headed by jsinsp diana c danganan, paid a courtesy call to fcsupt junito f maslang, dsc, regional director of the bureau of fire protection region 11, in preparation for the upcoming philippine public safety academy cadet admission test (ppsacat) for class 2028.","October 26, 2025 00:00:00",mindanao (island_group); DAVAO CITY (citymun); REGION XI (DAVAO REGION) (region),fire,https://www.facebook.com/BFPRHQ11/posts/pfbid02fDHDxPPsoqAnh6H89NyLDaqzgNv1viEdEsP24ev1UD98nNi9FUBFVQq51CxoNTul?__cft__[0]=AZUk-CZY-FUTu3uuqLsQAUeeKZ9j4H4PAIugJe7g8SrR_X97eLxrzZk-pHSfpoC8n_o-EJyJMgpAhkc0lRGtJzUpsebzR2AzpEhluCEPGQMyzxTmGsUIHC7dRCn29yDS3GzvJAGiP2ErqtGLCRgfd9S0ZMMBJcazYlRkiHtUaHBMNozhrsCcnR93DaAWM4e_nnev-yX4-KwSRs_l3ci77KQP&__tn__=%2CO%2CP-R
Facebook,Davao DRRMO,"cdrrmo-opcen weather update: as of 11:10 pm | october 24, 2025 weather system: intertropical convergence zone (itcz) previously reported rainfall in portions of agdao, bunawan, buhangin, talomo districts has stopped. meanwhile, light rainfall is experienced in some areas of calinan, toril, and tugbok districts. other areas within davao city are experiencing cloudy conditions with scattered rain (mostly drizzling). all river channels are monitored at code green (safe level). coastal status: > calm seas > going low tide #weatherupdate #davaocitydrrmo cdrrmo-opcen weather update:","October 24, 2025 23:10:00",Agdao (barangay); BUNAWAN (citymun); Buhangin (barangay); Talomo (barangay); Calinan (Pob.) (barangay); Toril (barangay); Tugbok (Pob.) (barangay); DAVAO CITY (citymun),rainfall / flood,https://www.facebook.com/DavaoDRRMO/posts/pfbid0xbD3WmWGEuQnfhESUa2WeoqSLAxoFRNFeesNYCe9Ze5diMWRwqeRzjFkSaQs5Qrfl?__cft__[0]=AZXz1_uUe2JwYwgp0-Xv6NFngSkGS1CXv1GY7djrcoj3NByMTdojb1ZkBJoO5SreZr2Vs0LnbtU5aulc2ucoeTSx8KarF-snnTJ5uPpE7kUSP8H4WjwAvFd_icOEPEcodWoiLmBcNiuyhLdJ2tVqiSDZ9g9sKMOeYrU5gx__eaRl7Icbejo-_SfrCfUgWDfDpcU&__tn__=%2CO%2CP-R
Facebook,Manila Bulletin,"a social media post by a resident criticizing the supposed disorganized distribution of relief goods for fire victims in barangay catmon went viral on thursday, oct. 23, drawing mixed reactions online and prompting clarification from the city government. a social media post by a resident criticizing the supposed disorganized distribution of relief goods for fire victims in barangay catmon went viral on thursday, oct. 23, drawing mixed reactions online and prompting clarification from the city government.","October 23, 2025 00:00:00",CATMON (citymun),fire,https://www.facebook.com/ManilaBulletin/posts/pfbid06HYvWJ1Kv4T7GoSQngszFxzRs5zMPQgG2QafSsCwAtJKrt7ndFieaHU1qqTBWktVl?__cft__[0]=AZXuPXTfSLQ0HvbPP9JikFkbc7jHk08sLDHkyOUs-KmqigieAOeplnueBzklssBopASKMmxoucCnFAKiCLwFFJ1AIA0zIV1FuGVy44vv7ntl41922L1I4oOH-t3c3smR9Z9eeOxxtKyf6uurfuaXXtKMFwJajxl4dpBJZlT6bXvsw3L1Cq16hWoqhVxtnLKykSqXAuC39vIC0J2d85LP3krq&__tn__=%2CO%2CP-R
Facebook,PHIVOLCS,"#earthquakeph #earthquakeorientalmindoro earthquake information no.1 date and time: 24 october 2025 - 11:40 pm magnitude = 1.4 depth = 031 km location = 13.04n, 121.20e - 017 km s 30 w of victoria (oriental mindoro) #earthquakeph #earthquakeorientalmindoro","October 24, 2025 23:40:00",ORIENTAL MINDORO (province); VICTORIA (citymun),earthquake,https://www.facebook.com/PHIVOLCS/posts/pfbid02jVKiVPAFDES5YpTgfpH8EMrVLduDtDxzqf1D1vGBeUsyLmNabqrSVuSgCwvXsbw6l?__cft__[0]=AZX5BBhhTl_jjatasoMO2bUdfpA7dtYutsZmmIldGlCjwZR9rLlmLMzKaZxjPAb4IPkItbwFObocGs3aIiqRVZmBsgVOIjBxEP2s9p9wHc0f-uzpuNLjodsdFwXk2QKeWX90g5-iLuIYmD8syMhVfKANtxk3PHyAoaadI0pt6D852xXM-fKxtGvpsZ4TAYfsQY4&__tn__=%2CO%2CP-R
Facebook,Storm Chasers PH,"lindol alert niyanig ng magnitude 4.8 na aftershock ang bogo city, #cebu kaninang 9:59 pm, biyernes, october 24. may magsasabi nanamang 10 10 10 ito..","October 24, 2025 21:59:00",CITY OF BOGO (citymun); CEBU (province),earthquake,https://www.facebook.com/stormchasersPH/posts/pfbid0QiPdT3Ehi2wWUPxirRyR3j8pVSk3aKE227HEB64FXvVFXBMkVeQvPzQZ71cHEoM3l?__cft__[0]=AZWEIuFq5NK8sNuZyryc_plr3ftybAasOURgDM4txn9D4BTZ-Iysq0eJIzdQ7xKwsFKPcnsvnTK-SIQPceqc7a-B1X8oZ-JGXru5R9auFlq2grmYDyzMU_FeXmbLKyL3FveRrqFXFkHfeod43SltZo32hfdLy5tAAZADqEBaX3p-IV9ipHQGgl5dorOR7AWEQJI&__tn__=%2CO%2CP-R
Facebook,UNTV News Rescue,hindi na ipinipilit ni dating bulacan 1st district assistant district engineer brice hernandez na maging state witness sa imbestigasyon sa maanomalyang flood control projects.,"October 24, 2025 23:45:00",BULACAN (province),rainfall / flood,https://www.facebook.com/UNTVNewsRescue/
Facebook,#bahaph,"rumaragasang baha sa calbayog city, samar watch: rumaragasang baha ang naranasan sa isang kalsada sa barangay caglanipao, #calbayogcity, #samar ngayong umaga, oktubre 18, 2025, dahil sa walang tigil na pag-ulan dulot ng bagyong #ramilph. ayon sa mga residente, tila naging dagat na ang kanilang kalsada dahil sa lakas ng agos ng tubig-baha sa lugar. kabasura vlog | fb #hazardwatchph #bagyongramil #weatherupdate #ramilph #bahaph rumaragasang baha sa calbayog city, samar","October 18, 2025 00:00:00",CALBAYOG CITY (citymun); Caglanipao (barangay); SAMAR (WESTERN SAMAR) (province),rainfall / flood,https://www.facebook.com/hashtag/BahaPH
Facebook,#earthquakealert,"breaking: magnitude 5.0 lindol shakes cabangan, zambales; also felt in metro manila, pangasinan, central luzon! earthquake alert: a magnitude 5.0 earthquake hits cabangan zambales at 5:32 pm today saturday, october 11, 2025. it had a depth of 100 km. it was reportedly felt in #metromanila, #zambales, #bataan, #bulacan, #pampanga, #pangasinan, #tarlac, and nearby provinces. instrumental intensities: intensity iii - cabangan and iba, zambales intensity ii - calumpit, bulacan; san fernando, la union; guimba, nueva ecija; bani, dagupan city, pangasinan; santa ignacia, tarlac city, and ramos, tarlac; botolan, subic and san marcelino, zambales keep safe mga ka-update as aftershocks are expected to occur! #panaboupdates #earthquakealert #earthquakeph #lindolph #trendingnews #earthquake2025 #zambales #lindol #linog breaking: magnitude 5.0 lindol shakes cabangan, zambales; also felt in metro manila, pangasinan, central luzon!","October 11, 2025 17:32:00",CABANGAN (citymun); Manila (barangay); PANGASINAN (province); NATIONAL CAPITAL REGION (NCR) (region); ZAMBALES (province); BATAAN (province); BULACAN (province); PAMPANGA (province); TARLAC (province); IBA (Capital) (citymun); CALUMPIT (citymun); SAN FERNANDO (citymun); LA UNION (province); GUIMBA (citymun); NUEVA ECIJA (province); BANI (citymun); DAGUPAN CITY (citymun); SANTA IGNACIA (citymun); CITY OF TARLAC (Capital) (citymun); RAMOS (citymun); BOTOLAN (citymun); SUBIC (citymun); SAN MARCELINO (citymun),earthquake,https://www.facebook.com/hashtag/EarthquakeAlert
Facebook,PHIVOLCS,"#earthquakeph #earthquakecebu #ifelt_cebuearthquake earthquake information no.1 date and time: 13 october 2025 - 01:06 am magnitude = 6.0 depth = 010 km location = 10.92n, 123.95e - 014 km s 13 w of city of bogo (cebu) instrumental intensities: intensity v - villaba, leyte intensity iv - danao, asturias, argao city, talisay, cebu city, cebu; isabel, leyte, hilongos, ormoc city, abuyog, leyte; hinunangan, southern leyte #earthquakeph #earthquakecebu","October 13, 2025 01:06:00",CEBU (province); CITY OF BOGO (citymun); VILLABA (citymun); ASTURIAS (citymun); ARGAO (citymun); TALISAY (citymun); CEBU CITY (Capital) (citymun); ISABEL (citymun); LEYTE (province); HILONGOS (citymun); ORMOC CITY (citymun); ABUYOG (citymun); HINUNANGAN (citymun),earthquake,https://www.facebook.com/PHIVOLCS/posts/pfbid02514yQ61yB9SBT28LVg6giRjs2E8s7JUG7VF1WtFbgFiWFNWnTtKyTfwR8Qf9Lui5l?__cft__[0]=AZXVHSNIc0_SvS8mgV9V1ymUe_t_qB6Nf7xCaSRa2RA6oXg53MOaB6-axjmk3LIdGFfNK4wElPooSiJqhwIiDdFA1wXanymcQAlMkq4tvBF6XkZyYqOUvd3GhaEZ6r8eM8ATmJG0rErh4UBwmN4Co7pGAXrsCGClxoQ5KvwkxfhzSrliX8VPHi8COMNw1m3kmHY&__tn__=%2CO%2CP-R
Facebook,1davao.ph,"#1d_news | quezon, bukidnon, philippines breaking: search & rescue in progress after landslide hits tricab in bukidnon look: emergency teams are racing against time to locate a couple believed to be trapped after a tricab was engulfed by a landslide along a mountainous stretch of buda road. the incident occurred in palacapao, quezon, following continuous rains in the area. rescue operations are currently underway. stay tuned for updates. buda road, palacapao, quezon, bukidnon lgu quezon, bukidnon #1davao #onedavao #roadclosure #quezonbukidnon #davaonewmedia #1davaonews #davaodigitalmedia #digitalmedia #bukidnonnews #landslidealert #rescueoperations #overviewbukidnon #overviewquezonbukidnon #1d_news | quezon, bukidnon, philippines","October 24, 2025 23:45:00",QUEZON (province); BUKIDNON (province); Philippines (country); Buda (barangay); Palacapao (barangay),rainfall / flood,https://www.facebook.com/1Davao.PH/posts/pfbid02NEfkmsU2hsFfYCBjwHbThyKRZxLQtUj3rV1Hyf2fPxUvMFjfvYMCqrXZguSV3ao2l?__cft__[0]=AZVFPq6BLIVR6945Uxr78uBpJfGpqnFUoPmBjyucqcixjt4brhyqY5gbi6haP_nwH5xDRAX1v72WeEt7gIPai2INfC6pRyVHU5etF9rTvjtPjE65LM4D2a7XtU_kWiHCpB45ZrUptducTkGFbg6KhvS0ZLWxxv-ZQCAb9u-wEdQdpf5zTOvi8MVp1Xuv_adTid8&__tn__=%2CO%2CP-R
Facebook,davaocityresponder,"a landslide occurred at 12:30 am in san ramon, san ricardo, southern leyte, on july 13, 2025, resulting in one person missing and one injured. the incident took place in barangay san ramon, a village located 40 kilometers from the town proper.according to reports the landslide was triggered by prolonged heavy rains. the missing person was identified as dador moscosa, a foreman for 888 acy construction, the company working on a viaduct project in the area. #sanricardolandslide #southernleytealert #leytelandslide #landslideph #phweatheralert ctto a landslide occurred at 12:30 am in san ramon, san ricardo, southern leyte, on july 13, 2025, resulting in one person missing and one injured.","July 13, 2025 00:30:00",San Ramon (Pob.) (barangay); SAN RICARDO (citymun); SOUTHERN LEYTE (province),landslide,https://www.facebook.com/DavaoCityResponder/posts/pfbid02uydA9Ug252V8KzAZdaRy6T24WJTMnCBqoNCuGNTxJqxwq9UKRXWbQevxewUFdm9Fl?__cft__[0]=AZWny-lcRZ4kgqOfgixU8B5ANQ0rZJktWqNNDWmMEhle6oLw5PoFICs49y5NtiGntYYuzntPf7x1cDXdR-KEiSrY25UquciOCca43TCcuxvHE95U3KWYGHKKHde7_kIna1JbAR9V3_ORKg4lK1ZEbs6hC1whwO3k0LL0V7Azgmq3dy5eAWl1na7m6hq6WaXkMZE&__tn__=%2CO%2CP-R
Facebook,cdoaimtospiretv,"pray for davao a magnitude 7.6 earthquake has struck davao and surrounding regions, deeply affecting many lives. as we navigate these challenges, let us pray and trust in god for protection and strength. our hearts are with everyone in davao oriental and throughout the philippines. ctto via tsismoso/original owner #prayfordavao #kagayunknown #folowers #topfans #prayforthephilippines #wonderfulbicol #bayanihan #labanpilipinas #earthquakeph #tsunamialert #hope #faith #filipinospirit #staysafeph #mindanao #godiswithus pray for davao","October 24, 2025 23:45:00",DAVAO ORIENTAL (province); Philippines (country); mindanao (island_group),earthquake,https://www.facebook.com/Cdoaimtospiretv/posts/pfbid0iBkX4MnNDEv8MjxiKYZ6bkAhUox6NFpd3MCuZQTj6ZWb7uXLNxkCfPQmbsVyQktil?__cft__[0]=AZUMUKIE770e4u1ft6cTKZDv-i0Mr_yzguyhtGVedZAaMWwkAH8lbxegtFGMM5Epfc52aamw4IQiAkOfGPuNrP2ZgJY2XUsH0QbOdCJObk-AtI63zoqrCTzeMs_uzz8mSdmU08tvrQvVpKaIm5xJkmEmeWdyBb_MRLitXjrZIGdLeukiKoZYzo3Kz5yQ-td0Dvk&__tn__=%2CO%2CP-R
X,dost_pagasa,"thunderstorm advisory no. 6 #ncr_prsd issued at: 8:56 pm, 23 october 2025(thursday) moderate to heavy rainshowers with lightning and strong winds are expected over bulacan(norzagaray, san jose del monte) and rizal(rodriguez, antipolo, tanay) within the next 2 hours. heavy to","October 23, 2025 20:56:00",BULACAN (province); NORZAGARAY (citymun); RIZAL (province); Antipolo (barangay); TANAY (citymun),rainfall / flood,https://x.com/dost_pagasa/status/1981344405505413438
X,dost_pagasa,"thunderstorm advisory no. 5 #ncr_prsd issued at: 6:45 pm, 23 october 2025(thursday) moderate to heavy rainshowers with lightning and strong winds are expected over nueva ecija(carranglan, lupao, munoz, talugtug, cuyapo), bataan(mariveles, limay, orion, pilar, balanga, abucay,","October 23, 2025 18:45:00",NUEVA ECIJA (province); CORDILLERA ADMINISTRATIVE REGION (CAR) (region); LUPAO (citymun); TALUGTUG (citymun); Yapo (barangay); BATAAN (province); MARIVELES (citymun); LIMAY (citymun); ORION (citymun); PILAR (citymun); Balanga (barangay); ABUCAY (citymun),rainfall / flood,https://x.com/dost_pagasa/status/1981312315619496123
X,dost_pagasa,"thunderstorm advisory no. 4 #ncr_prsd issued at: 6:10 pm, 23 october 2025(thursday) moderate to heavy rainshowers with lightning and strong winds are expected over nueva ecija(carranglan) and quezon(real, mauban, san narciso, san andres, san francisco) within the next 2 hours.","October 23, 2025 18:10:00",NUEVA ECIJA (province); CORDILLERA ADMINISTRATIVE REGION (CAR) (region); QUEZON (province); REAL (citymun); MAUBAN (citymun); SAN NARCISO (citymun); SAN ANDRES (citymun); SAN FRANCISCO (AURORA) (citymun),rainfall / flood,https://x.com/dost_pagasa/status/1981302694175527375
X,dost_pagasa,"thunderstorm advisory no. 3 #ncr_prsd issued at: 4:00 pm, 23 october 2025(thursday) moderate to heavy rainshowers with lightning and strong winds are expected over quezon(panukulan, polillo, burdeos, patnanungan, infanta, real, mauban, tagkawayan, guinayangan, lopez, buenavista,","October 23, 2025 16:00:00",QUEZON (province); PANUKULAN (citymun); POLILLO (citymun); BURDEOS (citymun); PATNANUNGAN (citymun); INFANTA (citymun); REAL (citymun); MAUBAN (citymun); TAGKAWAYAN (citymun); GUINAYANGAN (citymun); LOPEZ (citymun); BUENAVISTA (citymun),rainfall / flood,https://x.com/dost_pagasa/status/1981269592275374164
X,ndrrmc_opcen,"summary of 24-hour observation of active volcanoes mt. taal, mayon, bulusan and kanlaon 23 october 2025 source: philippine institute of volcanology and seismology (phivolcs-dost) #ndrrmc #bawatsegundomahalaga","October 23, 2025 00:00:00",BATANGAS (province); ALBAY (province); SORSOGON (province); NEGROS OCCIDENTAL (province),volcanic eruption,https://x.com/NDRRMC_OpCen/status/1981171319355126168
X,ndrrmc_opcen,"maging alerto, mga lalawigan ng #negrosoccidental at #negrosoriental ! ndrrmc (05:57 am, 23 oct 2025) lahat ay pinag-iingat sa maaaring pagpatak ng abo na ibinuga ng bulkang kanlaon patungong silangan dakong 05:30 ng umaga. #ndrrmc #bawatsegundomahalaga","October 23, 2025 05:57:00",NEGROS OCCIDENTAL (province); NEGROS ORIENTAL (province),volcanic eruption,https://x.com/NDRRMC_OpCen/status/1981118803657609361
X,phivolcs_dost,"#earthquakeph #earthquakesurigaodelnorte earthquake information no.1 date and time: 24 october 2025 - 09:01 pm magnitude = 1.9 depth = 032 km location = 09.67n, 126.27e - 018 km s 45 e of general luna (surigao del norte) earthquake.phivolcs.dost.gov.ph/2025_earthquak","October 24, 2025 21:01:00",SURIGAO DEL NORTE (province); GENERAL LUNA (citymun),earthquake,https://x.com/phivolcs_dost/status/1981709056336449641
X,phivolcs_dost,"#earthquakeph #earthquakecebu earthquake information no.1 date and time: 24 october 2025 - 08:54 pm magnitude = 2.2 depth = 030 km location = 11.07n, 123.96e - 003 km n 37 w of city of bogo (cebu) earthquake.phivolcs.dost.gov.ph/2025_earthquak","October 24, 2025 20:54:00",CEBU (province); CITY OF BOGO (citymun),earthquake,https://x.com/phivolcs_dost/status/1981708214241780214
X,phivolcs_dost,"#earthquakeph #earthquakesurigaodelnorte earthquake information no.1 date and time: 24 october 2025 - 08:41 pm magnitude = 2.0 depth = 037 km location = 09.65n, 126.18e - 014 km s 09 e of general luna (surigao del norte) earthquake.phivolcs.dost.gov.ph/2025_earthquak","October 24, 2025 20:41:00",SURIGAO DEL NORTE (province); GENERAL LUNA (citymun),earthquake,https://x.com/phivolcs_dost/status/1981705141242695996
