source,page_source,text_content,datetime,location,url
Facebook,BFPRHQ11,"bfp judo team pins pussl medals: a four-win haul from manila! davao city, philippines personnel from region 11 representing the bureau of fire protection continue to showcase its excellence beyond the call of duty, this time achieving significant success on the national mat. our dedicated fire personnel secured a total of four medals at the prestigious philippine uniformed services sports league (pussl) 2025 judo tournament, held recently at the rizal memorial complex in malate, manila. the pussl, organized by the philippine sports commission (psc) in coordination with the philippine judo federation, pits the country's finest uniformed personnel against each other in various sports, demanding peak discipline and strength. the bfp team rose to the occasion, displaying the technical skill and mental fortitude of true martial artists. the following fire officers proudly brought home the medals representing not only for region 11 but the whole bureau as well: the medalists were: sfo2 jennifer o malang bronze, 70kg womens category, regional headquarters 11 fo1 bless anne g melecio silver, 52kg womens category, panabo fire station fo3 edyson e castaneros silver, 81kg mens category, cabidianan fire station fo3 john paul l tanud-tanud bronze, 73kg mens category, maragusan fire station these victories are a testament to the comprehensive training and warrior spirit embedded in the bfp service. the entire bfp region 11 under the leadership of fcsupt junito f maslang, dsc, bfp 11 regional director and personnel extend our warmest congratulations to our judo champions! their performance is a source of immense pride and an inspiration to every member of the bureau. bfp judo team pins pussl medals: a four-win haul from manila!","October 22, 2025 22:18:00",Manila (barangay); DAVAO CITY (citymun); Philippines (country); MALATE (citymun); REGION XI (DAVAO REGION) (region),https://www.facebook.com/BFPRHQ11/posts/pfbid0ps1VcYnzXezhEmSWnUY4truEsMVfH2mv1FPrGMoH1GzUx7eMQ2eiWgeVsSC4yfWUl?__cft__[0]=AZW6DLE5VmEenYGBtoEHY96Sxp9ZYRixfwli4xxE6yKwf5uxD1wVM4yGaTEkbgU7KrsX6dYhApq9F-uRAy1iVDZuy3DiNFa9Mcz8VLJJW6iSIFLliYEqDcRtB3kVINSvH9hBHgJrs5dwbXLtdpQ7_0wzrcTRu87aXUwRxC3LmcWY7azNWWqQOH_bCCmuLEEa0mxXmVx8gxTF9xVoDsQrmzb2&__tn__=%2CO%2CP-R
Facebook,Civil Defense Davao,"rainfall advisory no. 10 #minprsd weather system: intertropical convergence zone (itcz) issued at 08:00 pm 22 october 2025 moderate to occasionally heavy rains are expected over #zamboangadelnorte(sibuco, sergioosmenasr., mutia, sibutad, katipunan, dipologcity, polanco, pinan, lalibertad, rizal, dapitancity), #zamboangasibugay(mabuhay, alicia, malangas, buug), #zamboangadelsur(kumalarang, tigbao, lakewood, bayog, ramonmagsaysay, sominot, midsalip, tambulig, mahayag, dumingag, molave, josefina), #zamboangacity, #sulu, #tawitawi, #basilan, #misamisoccidental, #lanaodelsur(wao, sultandumalondong, butig, lumbayanague, masiu, poonabayabao, lumbabayabao, bumbaran, tamparan, taraka, madamba, bacolodkalawi, mulondo, tugaya, balindong, madalum, buadiposobuntong, marantao, maguing, ditsaanramain, bubong, piagapo, marawicity, saguiaran, kapai, tagoloanii), #lanaodelnorte(baroy, salvador, tubod, magsaysay), #northcotabato(tulunan, makilala, m'lang, cityofkidapawan, pikit, magpet, aleosan, kabacan, antipas, matalam, presidentroxas, carmen, arakan, banisilan, alamada), #davaocity, #bukidnon(talakag, pangantucan, kalilangan, kadingilan, baungon, doncarlos, kitaotao, kibawe, damulog, dangcagan, quezon, maramag, cityofvalencia, lantapan, cityofmalaybalay), #southcotabato, #sultankudarat, #sarangani, #davaooccidental(donmarcelino, malita, santamaria), #maguindanaodelsur(mangudadatu, buluan, pandag, datupaglas, paglat, gen.s.k.pendatun, sultansabarongis, pagalungan, pagagawan), #davaodelsur, #davaodelnorte(cityofsamal, cityofpanabo, carmen, braulioe.dujali, santotomas, cityoftagum), #davaodeoro(maco, mabini, pantukan), #dinagatislands and #surigaodelnorte(surigaocity) within the next 2-3 hours. the above conditions are being experienced in #zamboangadelnorte(sirawai, siocon, baliguian, tampilisan, kalawit, gutalac, godod, labason, salug, liloy, leonb.postigo, siayan, sindangan, josedalman, manukan, pres.manuela.roxas), #zamboangasibugay(talusan, olutanga, payao, tungawan, imelda, rosellerlim, siay, ipil, diplahan, titay, naga, kabasalan), #zamboangadelsur(tabina, pitogo, vincenzoa.sagun, dimataling, margosatubig, dinas, sanpablo, sanmiguel, lapuyan, guipos, dumalinao, labangan, pagadiancity, tukuran, aurora), #lanaodelnorte(sultannagadimaporo, kapatagan, sapad, nunungan, lala), #lanaodelsur(kapatagan, balabagan, marogong, malabang, picong, lumbacaunayan, calanogas, tubaran, lumbatan, bayang, pagayawan, binidayan, ganassi, pualas), #maguindanaodelnorte, #cotabatocity, #northcotabato(midsayap, libungan, pigkawayan), #maguindanaodelsur(ampatuan, datuhofferampatuan, datuabdullahsangki, datuunsay, southupi, shariffaguak, mamasapano, rajahbuayan, datusaudiampatuan, guindulungan, shariffsaydonamustapha, datusalibo, talayan, datuanggalmidtimbang and datupiang) which may persist within 2-3 hours and may affect nearby areas. rainfall advisory no. 10 #minprsd","October 22, 2025 00:00:00",ZAMBOANGA DEL NORTE (province); SIBUCO (citymun); MUTIA (citymun); SIBUTAD (citymun); KATIPUNAN (citymun); POLANCO (citymun); PIÑAN (NEW PIÑAN) (citymun); RIZAL (province); ZAMBOANGA SIBUGAY (province); MABUHAY (citymun); ALICIA (citymun); MALANGAS (citymun); BUUG (citymun); ZAMBOANGA DEL SUR (province); KUMALARANG (citymun); TIGBAO (citymun); LAKEWOOD (citymun); BAYOG (citymun); SOMINOT (DON MARIANO MARCOS) (citymun); MIDSALIP (citymun); TAMBULIG (citymun); MAHAYAG (citymun); DUMINGAG (citymun); MOLAVE (citymun); JOSEFINA (citymun); ZAMBOANGA CITY (citymun); SULU (province); BASILAN (province); MISAMIS OCCIDENTAL (province); LANAO DEL SUR (province); BUTIG (citymun); LUMBAYANAGUE (citymun); MASIU (citymun); BUMBARAN (citymun); Philippines (country); TARAKA (citymun); MADAMBA (citymun); MULONDO (citymun); TUGAYA (citymun); BALINDONG (WATU) (citymun); MADALUM (citymun); MARANTAO (citymun); MAGUING (citymun); BUBONG (citymun); PIAGAPO (citymun); SAGUIARAN (citymun); KAPAI (citymun); LANAO DEL NORTE (province); BAROY (citymun); SALVADOR (citymun); TUBOD (Capital) (citymun); MAGSAYSAY (citymun); TULUNAN (citymun); MAKILALA (citymun); M'LANG (citymun); PIKIT (citymun); MAGPET (citymun); ALEOSAN (citymun); KABACAN (citymun); ANTIPAS (citymun); MATALAM (citymun); CARMEN (citymun); ARAKAN (citymun); BANISILAN (citymun); ALAMADA (citymun); DAVAO CITY (citymun); BUKIDNON (province); TALAKAG (citymun); PANGANTUCAN (citymun); KALILANGAN (citymun); KADINGILAN (citymun); BAUNGON (citymun); KITAOTAO (citymun); KIBAWE (citymun); DAMULOG (citymun); DANGCAGAN (citymun); QUEZON (province); MARAMAG (citymun); LANTAPAN (citymun); SOUTH COTABATO (province); SULTAN KUDARAT (province); SARANGANI (province); DAVAO OCCIDENTAL (province); MALITA (citymun); MANGUDADATU (citymun); BULUAN (citymun); PANDAG (citymun); PAGLAT (citymun),https://www.facebook.com/civildefensedavao/posts/pfbid02jb7Nuet6jfed48guN13Y72cQWUP6KTEPyoNqACrR3nFqND6jfnDLgSmHQ5sptMQKl?__cft__[0]=AZU28E9vVA6IQ40C17RXzkU-4J1bkut_hE6I34Kh_m3JGA_JzIgKy4sT0HprAQ0Q0QsGm_lOhK5-GcyV74u_GQpy7rNeu4icGKL5HbvmnbglqThwjMw_6ZAFfepfbGqHutIfdOB-UqGqpi8Oc7BCdP-m-7qS540Fi8yyH3hGhjuayPJlBNPdisQuYMiH1GYPUUg&__tn__=%2CO%2CP-R
Facebook,PHIVOLCS,"#earthquakeph #earthquakecebu earthquake information no.1 date and time: 22 october 2025 - 09:31 pm magnitude = 2.1 depth = 021 km location = 10.99n, 123.95e - 007 km s 27 w of city of bogo (cebu) #earthquakeph #earthquakecebu","October 22, 2025 21:31:00",CITY OF BOGO (citymun); CEBU (province),https://www.facebook.com/PHIVOLCS/posts/pfbid02x9yjkFyxg5MfjkQ6kT9FSAQHXH3XkFCyU77TKa22SQyDhbXhCmuT71AEKqpvtNbGl?__cft__[0]=AZXJoPG6dATTSZrLbUbcbFs6FsOgxGUrx8MY683NpYYzBBPfhmA8SkYXCatFyfM5sJrU-C4zxpA2SPhh3_JQGGBbDeKNfevpAGQtOIQd0X7uSKM9QkusMSyRHe-Bzb59k6kOjT-qKBMcpIwqMcKwyOrhUGIprkMjeyLw-grmKnd_leLZ_4K9pnZOCPtTstlgZug&__tn__=%2CO%2CP-R
Facebook,Weather Davao,"24-hour localized weather forecast for davao region issued at 4:30 pm october 22, 2025 valid until 4:30 pm tomorrow synopsis: at 3:00 pm today, the center of tropical depression ""salome"" was estimated based on all available data at 225 km north northeast of itbayat, batanes (22.5n, 123.0e), with maximum sustained winds of 55 km/h near the center and gustiness of up to 70 km/h. it is moving west southwestward at 10 km/h. intertropical convergence zone (itcz) affecting palawan and mindanao. intertropical convergence zone (itcz) affecting davao region. tc information tropical cyclone/s outside par as of 3:00 pm today severe tropical storm fengshen (2524) (formerly ""ramil"") location:1,120 km west of northern luzon (17.3n, 109.9e) max sustained winds: 95 km/h near the center gustiness: up to 115 km/h movement: westward at 15 km/h forecast: davao region will have cloudy skies with scattered rains and thunderstorms due to intertropical convergence zone (itcz). possible flashfloods or landslides due to moderate to at times heavy rains. light to moderate winds prevail from northwest to southwest with slight to moderate seas (0.6 to 1.8 meters). kaugalingong pinulungan: ang davao region makasinati sa mapanganuron nga kalangitan inubanan sa katag katag nga pag-ulan, kilat ug pagpanalugdog tungod sa intertropical convergence zone (itcz). posible ang pagbaha o pagdahili sa yuta tungod sa kasarangan ngadto na sa usahay kusog nga mga pag-ulan. hinay ngadto sa kasarangan nga hangin ang magagikan sa amihanang kasadpan ngadto sa habagatang kasadpan direksyon, ug ang kadagatan, hapsay ngadto na sa kasarangan ang pagbalud (0.6 to 1.8 meters). forecast over davao city temperatura ugma: 25 c to 32 c sunset (salop) karon: 5:24 pm sunrise (sidlak) ugma: 5:28 am for more information and queries, please call telephone for local number (082)234-0890 and (088)555-0485 for regional or log on to bagong.pagasa.dost.gov.ph /regional /mindanao-prsd or join our facebook group at mindanao prsd (regional office) or pagasa davao (local). 24-hour localized weather forecast for davao region","October 22, 2025 16:30:00",REGION XI (DAVAO REGION) (region); ITBAYAT (citymun); BATANES (province); PALAWAN (province); mindanao (island_group),https://www.facebook.com/weather.davao/posts/pfbid02iASQ8EYhxb1XwbxU7AFH9K6e7ihJb3Su1ehYipLWpcPJzFJWwHxSoMPrYPQGpMfsl?__cft__[0]=AZW0KgTVAgKpxaHazv5WSHk3agXdaSosnSESNid1e_uNLSfIlU3ggkOYfh244zYRW4TZ0M9DVi9lvNJRVg4SVwG4jXAj42Zd1XvZhSMf9VZ2wzSN4QoVEl_wn8-RSNb2i3IrpT_Aq5Ia4QEIt0iuZgzE6Z9S0mKkDd-k9_dPoYun36qzCSpGEXiwjOVlvZZvcSI&__tn__=%2CO%2CP-R
Facebook,#bahaph,"rumaragasang baha sa calbayog city, samar watch: rumaragasang baha ang naranasan sa isang kalsada sa barangay caglanipao, #calbayogcity, #samar ngayong umaga, oktubre 18, 2025, dahil sa walang tigil na pag-ulan dulot ng bagyong #ramilph. ayon sa mga residente, tila naging dagat na ang kanilang kalsada dahil sa lakas ng agos ng tubig-baha sa lugar. kabasura vlog | fb #hazardwatchph #bagyongramil #weatherupdate #ramilph #bahaph rumaragasang baha sa calbayog city, samar","October 18, 2025 00:00:00",CALBAYOG CITY (citymun); Caglanipao (barangay); SAMAR (WESTERN SAMAR) (province),https://www.facebook.com/hashtag/BahaPH
Facebook,ptvph,"#earthquakealert: niyanig ng magnitude 5.2 na #lindol ang pagudpud, ilocos norte dakong 4:14 p.m. ngayong biyernes, oct. 17. naitala ang mga sumusunod na instrumental intensities: instrumental intensities: intensity iii - bacarra, ilocos norte intensity ii - claveria, cagayan; san nicolas, ilocos norte; sinait, ilocos sur intensity i - city of vigan, ilocos sur inaasahan ang aftershocks ayon sa phivolcs. #earthquakealert: niyanig ng magnitude 5.2 na #lindol ang pagudpud, ilocos norte dakong 4:14 p.m. ngayong biyernes, oct. 17.","October 17, 2025 00:00:00",PAGUDPUD (citymun); ILOCOS NORTE (province); BACARRA (citymun); CLAVERIA (citymun); CAGAYAN (province); SAN NICOLAS (citymun); SINAIT (citymun); ILOCOS SUR (province); CITY OF VIGAN (Capital) (citymun),https://www.facebook.com/PTVph/posts/pfbid0mVJddNJrtqa2yDqPfV9ZpxcPSDQfEBmLLaxjndQQpWJKKYpf3cXCKp291Nkj65aEl?__cft__[0]=AZU5ZUkQSqC8jejmpTL-bEoTJgm0bgK99oBa8CX6j6sJvUsPuUmcOZ6Kmao8d7umeYzItMJa_xpvDSNg7ixFfhzL7PxXUy1UsgNvw8gMhUZn1lnBqctjYm7ka14UpVPhay9YKUAJgIx8O7g4SgO1enWTRenNe-9Q_lJsJcZiA3VqaCVKJfZqx94EexnzFqCcEbg&__tn__=%2CO%2CP-R
Facebook,PHIVOLCS,"#earthquakeph #earthquakecebu #ifelt_cebuearthquake earthquake information no.1 date and time: 21 october 2025 - 05:07 pm magnitude = 4.4 depth = 010 km location = 11.14n, 124.19e - 025 km n 66 e of city of bogo (cebu) reported intensities: instrumental intensities: intensity iii - villaba, leyte intensity i - kawayan, biliran; danao, talisay, moalboal, cebu; isabel, leyte; city of cebu; ormoc city this is an aftershock of the 2025 september 30 mw6.9 offshore northern cebu earthquake. #earthquakeph #earthquakecebu","October 21, 2025 17:07:00",CEBU (province); CITY OF BOGO (citymun); KAWAYAN (citymun); BILIRAN (province); DANAO (citymun); TALISAY (citymun); MOALBOAL (citymun); ISABEL (citymun); LEYTE (province); ORMOC CITY (citymun),https://www.facebook.com/PHIVOLCS/posts/pfbid021v5AgD644VS62eiVuP7sD9hYEAEjnSpqwBsanBcU5DFM57PmR7y6uebFiSB1ghv8l?__cft__[0]=AZXQfWSWjBZCW1NZPDR6q49kQnM_tihmdk-zQNsV2xThD3e0-gVxYos7kP2mmnFE6YDnFyo9wVjFE7KznJVUtq_QI1IfNDxzo8SOr9EbmqE4wP1JseMHALMWp4cmggrXLBdJavCJLAWPTZFBKYrbfsaTnWBri2TU7PNaBVlXwRMQUwEg9pq0VxKimyBFP8faPtg&__tn__=%2CO%2CP-R
Facebook,#firealert,"sunog sa dpwh look: makita ang baga nga aso gikan sa miulbo nga sunog sa usa ka mga building sa compound sa dpwh office didto sa brgy. pinyahan sa quezon city karong hapon, oktubre 22, 2025. gisaka na kini ngadto sa 3rd alarm samtang padayun ang pag-responde sa mga kabomberohan sa pagpakgang sa sunog. #sunog #firealert #fypviralfyp #dpwh #davaoupdates atty. cristobal rimando sunog sa dpwh","October 22, 2025 00:00:00",Pinyahan (barangay); QUEZON (citymun),https://www.facebook.com/hashtag/FireAlert
Facebook,1davao.ph,"#1d_news | quezon, bukidnon, philippines breaking: search & rescue in progress after landslide hits tricab in bukidnon look: emergency teams are racing against time to locate a couple believed to be trapped after a tricab was engulfed by a landslide along a mountainous stretch of buda road. the incident occurred in palacapao, quezon, following continuous rains in the area. rescue operations are currently underway. stay tuned for updates. buda road, palacapao, quezon, bukidnon lgu quezon, bukidnon #1davao #onedavao #roadclosure #quezonbukidnon #davaonewmedia #1davaonews #davaodigitalmedia #digitalmedia #bukidnonnews #landslidealert #rescueoperations #overviewbukidnon #overviewquezonbukidnon #1d_news | quezon, bukidnon, philippines","October 22, 2025 22:18:00",QUEZON (province); BUKIDNON (province); Philippines (country); Buda (barangay); Palacapao (barangay),https://www.facebook.com/1Davao.PH/posts/pfbid02NQpm51jmXFqYAutgt5GY6R5bUUfyT2zT4mNjbPqTXSTEKUtvovC4wtwnvFzaPJval?__cft__[0]=AZUuUJSuYFdbkdixicgT6cHm5Nz0p4JJNyy3niH-kV3X_KQO5b2uanCJddhqAWFRPQ0XQmOqJKHzFrYlcwXT5TAqvBHM2MICjTOsGGtChdNBOyoKDFfAH-f0O43vgh2jTVCDM4AeTciveE4JYylUskNB-WN3R0cQVo79bChfer15RXggnwlqgergRsxpGMrj9LM&__tn__=%2CO%2CP-R
Facebook,davaocityresponder,"a landslide occurred at 12:30 am in san ramon, san ricardo, southern leyte, on july 13, 2025, resulting in one person missing and one injured. the incident took place in barangay san ramon, a village located 40 kilometers from the town proper.according to reports the landslide was triggered by prolonged heavy rains. the missing person was identified as dador moscosa, a foreman for 888 acy construction, the company working on a viaduct project in the area. #sanricardolandslide #southernleytealert #leytelandslide #landslideph #phweatheralert ctto a landslide occurred at 12:30 am in san ramon, san ricardo, southern leyte, on july 13, 2025, resulting in one person missing and one injured.","July 13, 2025 00:30:00",San Ramon (Pob.) (barangay); SAN RICARDO (citymun); SOUTHERN LEYTE (province),https://www.facebook.com/DavaoCityResponder/posts/pfbid02v9nAScwktVVq2pZQUpGQ8MMcJ9ESH1c9JYtpPSKHmqfzwR3uso7TuD9BjLzbhGgzl?__cft__[0]=AZX-GaUHszQcqZFp771Jj9IRcdaaw6lJDFScpezJFou7fvslHpDYVfcvdqv8zkDSXT5bosZuS3n80REDq5P_reVJnUBa5vYEF_nDBFuVXp7h0bd11QRJWnm0O9IcakCtsklI8GVBXCNgrSne_6No8gBch5mw652wYfzsrS1_nkDWwrE_oAj8PzuvVl_ZWya2870&__tn__=%2CO%2CP-R
Facebook,rpndavao1071,"#dxktnews | flashflood sa valencia city, bukidnon naguba ug grabe ang kadaot sa pipila ka lugar sa valencia city, bukidnon kagabii, setyembre 17, tungod sa kusog nga ulan nga dala sa tropical depression mirasol. base sa mga hulagway nga gi-post ni jundapz tv, apektado ang purok 06, 13, ug 20 sa barangay poblacion, diin makita ang lawom nga baha ug kapin sa tuhod ang tubig. nabalita usab ang pagbaha sa ubang barangay sa maong syudad. padayon karon ang pag-monitor sa lokal nga gobyerno ug rescue teams samtang gi-deklarar ang red alert status aron mas mapaspasan ang emergency response ug tabang sa mga residente. photo courtesy: jundapz tv/facebook rpn dxkt davao #rpndxktdavao #dxktdavao #digitalonlinebalita #valenciaflood #bukidnonupdates #disasterwatch #rescueph #dxktnews | flashflood sa valencia city, bukidnon","September 17, 2025 00:00:00",NUEVA VALENCIA (citymun); BUKIDNON (province); Poblacion (barangay),https://www.facebook.com/RPNDavao1071/posts/pfbid037tNneQp8eWCpQREBKjxUcJrqqM9Wrx6wmDVenihpu4KGTwamSaa8SuybAaXjKTxZl?__cft__[0]=AZXxFf7nVSNSkYxyOlvfGE8TWfaB_B8x4iZ-SyWRXOVKEV5rq-lKl2Gk-Ns17k67GlUdjR1h6lYiw0zBc9-5N47Zu6X2YUcj4jiFCO5v874BxiIb93J_3em4cKehtcHjeSu80DDC-Mu9wjHBHt8KW0OPa7iEQQCxWLcx8SH63wrcMOXvWUg5jf7yZyBppxCInPY&__tn__=%2CO%2CP-R
Facebook,#streetfloodalert,"quezon city alert grabe ang buhos ng ulan ngayon sa qc!partikular sa masaya st., maginhawa, at kanto ng commonwealth tuloy-tuloy ang malakas na ulan.","October 22, 2025 22:18:00",QUEZON (citymun); Masaya (barangay); Maginhawa (Pob.) (barangay),https://www.facebook.com/hashtag/StreetFloodAlert
Facebook,cdoaimtospiretv,"pray for davao a magnitude 7.6 earthquake has struck davao and surrounding regions, deeply affecting many lives. as we navigate these challenges, let us pray and trust in god for protection and strength. our hearts are with everyone in davao oriental and throughout the philippines. ctto via tsismoso/original owner #prayfordavao #kagayunknown #folowers #topfans #prayforthephilippines #wonderfulbicol #bayanihan #labanpilipinas #earthquakeph #tsunamialert #hope #faith #filipinospirit #staysafeph #mindanao #godiswithus pray for davao","October 22, 2025 22:18:00",DAVAO ORIENTAL (province); Philippines (country); mindanao (island_group),https://www.facebook.com/Cdoaimtospiretv/posts/pfbid0iMuXMW472oFxdXSRvfpww2mExjuQ4eHc3pt3ZLzEuSMWYyWHNk5Szkizg26yUD8il?__cft__[0]=AZVYiPVM0MlKw2LYzhUxR7Fr5rjppeQBp5xTgpGkwCdXPql3z4yEBddMSE5PhPZtcDmsMdjcSaeT-F4q3IVKi0vZvtPoWcJBLcq_relvhrfqsvdLEvBR5-dNCvgp6No4cNRpB79TI2h9r71UQGO0I5SmkBq__iIEFumoqAUxCTAy-5i3PNdhZmQawarsuJowWzQ&__tn__=%2CO%2CP-R
X,dost_pagasa,"thunderstorm advisory no. 17 #ncr_prsd issued at: 3:00 am, 22 october 2025(wednesday) moderate to heavy rainshowers with lightning and strong winds are expected over quezon(mauban, atimonan, tayabas, pagbilao, lucena, sariaya, candelaria, tiaong, san antonio) and batangas(san","October 22, 2025 03:00:00",QUEZON (province); Uban (barangay); ATIMONAN (citymun); PAGBILAO (citymun); Lucena (barangay); SARIAYA (citymun); CANDELARIA (citymun); TIAONG (citymun); SAN ANTONIO (citymun); BATANGAS (province),https://x.com/dost_pagasa/status/1980711142805893436
X,dost_pagasa,"thunderstorm advisory no. 16 #ncr_prsd issued at: 12:51 am, 22 october 2025(wednesday) moderate to heavy rainshowers with lightning and strong winds are expected over laguna(pakil, mabitac, santa maria, famy, siniloan, pangil, los banos, bay, calauan, santa cruz, lumban,","October 22, 2025 00:51:00",LAGUNA (province); PAKIL (citymun); MABITAC (citymun); SANTA MARIA (citymun); FAMY (citymun); SINILOAN (citymun); PANGIL (citymun); BAY (citymun); CALAUAN (citymun); SANTA CRUZ (citymun),https://x.com/dost_pagasa/status/1980678611549245443
X,phivolcs_dost,"#earthquakeph #earthquakesurigaodelsur earthquake information no.1 date and time: 22 october 2025 - 05:53 pm magnitude = 2.9 depth = 013 km location = 08.14n, 126.76e - 040 km n 74 e of lingig (surigao del sur) earthquake.phivolcs.dost.gov.ph/2025_earthquak","October 22, 2025 17:53:00",SURIGAO DEL SUR (province); LINGIG (citymun),https://x.com/phivolcs_dost/status/1980937671397748745
X,phivolcs_dost,"#earthquakeph #earthquakecamarinessur earthquake information no.1 date and time: 22 october 2025 - 05:25 pm magnitude = 2.6 depth = 033 km location = 13.46n, 123.40e - 004 km n 73 e of baao (camarines sur) earthquake.phivolcs.dost.gov.ph/2025_earthquak","October 22, 2025 17:25:00",CAMARINES SUR (province); BAAO (citymun),https://x.com/phivolcs_dost/status/1980931215827099742
X,phivolcs_dost,"#earthquakeph #earthquakecebu earthquake information no.1 date and time: 22 october 2025 - 05:21 pm magnitude = 2.7 depth = 002 km location = 10.99n, 123.98e - 007 km s 02 w of city of bogo (cebu) earthquake.phivolcs.dost.gov.ph/2025_earthquak","October 22, 2025 17:21:00",CEBU (province); CITY OF BOGO (citymun),https://x.com/phivolcs_dost/status/1980929572939182117
X,phivolcs_dost,"#earthquakeph #earthquakedavaooriental earthquake information no.1 date and time: 22 october 2025 - 04:29 pm magnitude = 3.1 depth = 002 km location = 07.27n, 127.43e - 098 km n 86 e of manay (davao oriental) earthquake.phivolcs.dost.gov.ph/2025_earthquak","October 22, 2025 16:29:00",DAVAO ORIENTAL (province); MANAY (citymun),https://x.com/phivolcs_dost/status/1980917627913638058
