source,query_page,text,post_timestamp,scraped_timestamp,user,post_url,location_raw,location,time_mentions_raw,time_parsed,event_time_primary_iso,event_time_source,event_time_primary
Facebook,civildefensedavao,"Heavy Rainfall Warning No. 6  #MINPRSD Weather System: Intertropical Convergence Zone (ITCZ) / Low Pressure Area (LPA)  Issued at 02:00 PM 26 October 2025 Yellow Warning: #DavaoDeOro(Monkayo, Laak), #AgusanDelSur), #SurigaoDelSur, #DavaoOriental(Boston) and #DavaoDelNorte(Kapalong) Associated Hazard: FLOODING is Possible in Low-Lying Areas and LANDSLIDE in mountainous areas Meanwhile, Light to Moderate rains are expected over #SurigaoDelNorte, #ZamboangaDelNorte, #ZamboangaSibugay, #Basilan, #TawiTawi, #SouthCotabato, #Sarangani, #SultanKudarat, #MaguindanaoDelNorte, #NorthCotabato, #CotabatoCity, #MaguindanaoDelSur, #DavaoDelSur(Kiblawan), #LanaoDelSur, #MisamisOriental, #AgusanDelNorte, #AgusanDelSur(CityOfBayugan, Sibagat), #Bukidnon, #LanaoDelNorte, #DavaoOccidental, #DavaoOriental(GovernorGeneroso, SanIsidro, CityOfMati, Tarragona, Banaybanay, Lupon, Manay, Caraga), #DinagatIslands, #MisamisOccidental, #ZamboangaDelSur, #Sulu, #SurigaoDelSur and #Camiguin within the next 2-3 hours. Moderate to heavy rains are being experienced in #DavaoDelNorte(Carmen, CityOfPanabo, CityOfTagum, BraulioE.Dujali, SantoTomas, CityOfSamal, Asuncion, NewCorella, Talaingod, SanIsidro), #DavaoCity, #DavaoDeOro(Pantukan, Maco, Mabini, Maragusan, Nabunturan, NewBataan, Mawab, Montevista, Compostela), #ZamboangaDelNorte, #ZamboangaCity, #SultanKudarat, #DavaoDelSur(Malalag, Sulop, Padada, Hagonoy, Matanao, CityOfDigos, SantaCruz, Bansalan, Magsaysay), #AgusanDelSur(Prosperidad, LaPaz, Rosario, Talacogon, SanFrancisco, SanLuis, Esperanza), #SurigaoDelSur(Hinatuan, Tagbina, Barobo, Lianga), #Bukidnon, #LanaoDelNorte, #MisamisOriental, #DavaoOriental(Baganga, Cateel), #MisamisOccidental, #ZamboangaDelSur which may persist within 2-3 hours and may affect nearby areas. The public and the Disaster Risk Reduction and Management Offices concerned are advised to MONITOR the weather condition and watch for the next warning to be issued at 05:00 PM Today. Source: Mindanao PRSD Heavy Rainfall Warning No. 6  #MINPRSD",Unknown,2025-10-26 14:29,Unknown,https://www.facebook.com/civildefensedavao/posts/pfbid02dnXYHCzChU2y3meqtdJj1Dr9pPP67Ard7i7DNbdaYmCBj9T5nKBVWK9qwy9Gsgasl?__cft__[0]=AZVVV8lPQplzYL2u94-vf1LpTLGG6y5sY-Z7KBwlO1SiX_3ebkYNIxU8GdktkQoTatQc_q6kLCXraT23_hSglRI_oEpDRgtlfY4ylefJzYacABw84f7EzuYokwsoRvyyTpc8OcmTRnfymmXl_P4l67o4MPaY9cwrvVDev-qYGQi_sVcy1LVLkR-DqnaxQ00Z8RE&__tn__=%2CO%2CP-R,"[{'entity': 'monkayo', 'level': 'citymun', 'code': np.int64(118207), 'matched_name': 'MONKAYO'}, {'entity': 'laak', 'level': 'citymun', 'code': np.int64(118202), 'matched_name': 'LAAK (SAN VICENTE)'}, {'entity': 'agusan del sur', 'level': 'province', 'code': np.int64(1603), 'matched_name': 'AGUSAN DEL SUR'}, {'entity': 'surigao del sur', 'level': 'province', 'code': np.int64(1668), 'matched_name': 'SURIGAO DEL SUR'}, {'entity': 'davao oriental', 'level': 'province', 'code': np.int64(1125), 'matched_name': 'DAVAO ORIENTAL'}, {'entity': 'boston', 'level': 'citymun', 'code': np.int64(112503), 'matched_name': 'BOSTON'}, {'entity': 'davao del norte', 'level': 'province', 'code': np.int64(1123), 'matched_name': 'DAVAO DEL NORTE'}, {'entity': 'kapalong', 'level': 'citymun', 'code': np.int64(112305), 'matched_name': 'KAPALONG'}, {'entity': 'surigao del norte', 'level': 'province', 'code': np.int64(1667), 'matched_name': 'SURIGAO DEL NORTE'}, {'entity': 'zamboanga del norte', 'level': 'province', 'code': np.int64(972), 'matched_name': 'ZAMBOANGA DEL NORTE'}, {'entity': 'zamboanga sibugay', 'level': 'province', 'code': np.int64(983), 'matched_name': 'ZAMBOANGA SIBUGAY'}, {'entity': 'basilan', 'level': 'province', 'code': np.int64(1507), 'matched_name': 'BASILAN'}, {'entity': 'south cotabato', 'level': 'province', 'code': np.int64(1263), 'matched_name': 'SOUTH COTABATO'}, {'entity': 'sarangani', 'level': 'province', 'code': np.int64(1280), 'matched_name': 'SARANGANI'}, {'entity': 'sultan kudarat', 'level': 'province', 'code': np.int64(1265), 'matched_name': 'SULTAN KUDARAT'}, {'entity': 'cotabato city', 'level': 'citymun', 'code': np.int64(129804), 'matched_name': 'COTABATO CITY'}, {'entity': 'davao del sur', 'level': 'province', 'code': np.int64(1124), 'matched_name': 'DAVAO DEL SUR'}, {'entity': 'lanao del sur', 'level': 'province', 'code': np.int64(1536), 'matched_name': 'LANAO DEL SUR'}, {'entity': 'misamis oriental', 'level': 'province', 'code': np.int64(1043), 'matched_name': 'MISAMIS ORIENTAL'}, {'entity': 'agusan del norte', 'level': 'province', 'code': np.int64(1602), 'matched_name': 'AGUSAN DEL NORTE'}, {'entity': 'sibagat', 'level': 'citymun', 'code': np.int64(160314), 'matched_name': 'SIBAGAT'}, {'entity': 'bukidnon', 'level': 'province', 'code': np.int64(1013), 'matched_name': 'BUKIDNON'}, {'entity': 'lanao del norte', 'level': 'province', 'code': np.int64(1035), 'matched_name': 'LANAO DEL NORTE'}, {'entity': 'davao occidental', 'level': 'province', 'code': np.int64(1186), 'matched_name': 'DAVAO OCCIDENTAL'}, {'entity': 'tarragona', 'level': 'citymun', 'code': np.int64(112511), 'matched_name': 'TARRAGONA'}, {'entity': 'banaybanay', 'level': 'citymun', 'code': np.int64(112502), 'matched_name': 'BANAYBANAY'}, {'entity': 'lupon', 'level': 'citymun', 'code': np.int64(112507), 'matched_name': 'LUPON'}, {'entity': 'manay', 'level': 'citymun', 'code': np.int64(112508), 'matched_name': 'MANAY'}, {'entity': 'caraga', 'level': 'region', 'code': np.int64(16), 'matched_name': 'REGION XIII (Caraga)'}, {'entity': 'misamis occidental', 'level': 'province', 'code': np.int64(1042), 'matched_name': 'MISAMIS OCCIDENTAL'}, {'entity': 'zamboanga del sur', 'level': 'province', 'code': np.int64(973), 'matched_name': 'ZAMBOANGA DEL SUR'}, {'entity': 'sulu', 'level': 'province', 'code': np.int64(1566), 'matched_name': 'SULU'}, {'entity': 'camiguin', 'level': 'province', 'code': np.int64(1018), 'matched_name': 'CAMIGUIN'}, {'entity': 'carmen', 'level': 'citymun', 'code': np.int64(71212), 'matched_name': 'CARMEN'}, {'entity': 'asuncion', 'level': 'citymun', 'code': np.int64(112301), 'matched_name': 'ASUNCION (SAUG)'}, {'entity': 'talaingod', 'level': 'citymun', 'code': np.int64(112322), 'matched_name': 'TALAINGOD'}, {'entity': 'davao city', 'level': 'citymun', 'code': np.int64(112402), 'matched_name': 'DAVAO CITY'}, {'entity': 'pantukan', 'level': 'citymun', 'code': np.int64(118211), 'matched_name': 'PANTUKAN'}, {'entity': 'maco', 'level': 'citymun', 'code': np.int64(118204), 'matched_name': 'MACO'}, {'entity': 'mabini', 'level': 'citymun', 'code': np.int64(15523), 'matched_name': 'MABINI'}, {'entity': 'maragusan', 'level': 'citymun', 'code': np.int64(118205), 'matched_name': 'MARAGUSAN (SAN MARIANO)'}, {'entity': 'nabunturan', 'level': 'citymun', 'code': np.int64(118209), 'matched_name': 'NABUNTURAN (Capital)'}, {'entity': 'mawab', 'level': 'citymun', 'code': np.int64(118206), 'matched_name': 'MAWAB'}, {'entity': 'montevista', 'level': 'citymun', 'code': np.int64(118208), 'matched_name': 'MONTEVISTA'}, {'entity': 'compostela', 'level': 'citymun', 'code': np.int64(72218), 'matched_name': 'COMPOSTELA'}, {'entity': 'zamboanga city', 'level': 'citymun', 'code': np.int64(97332), 'matched_name': 'ZAMBOANGA CITY'}, {'entity': 'malalag', 'level': 'citymun', 'code': np.int64(112408), 'matched_name': 'MALALAG'}, {'entity': 'sulop', 'level': 'citymun', 'code': np.int64(112414), 'matched_name': 'SULOP'}, {'entity': 'padada', 'level': 'citymun', 'code': np.int64(112411), 'matched_name': 'PADADA'}, {'entity': 'hagonoy', 'level': 'citymun', 'code': np.int64(31409), 'matched_name': 'HAGONOY'}, {'entity': 'matanao', 'level': 'citymun', 'code': np.int64(112410), 'matched_name': 'MATANAO'}, {'entity': 'bansalan', 'level': 'citymun', 'code': np.int64(112401), 'matched_name': 'BANSALAN'}, {'entity': 'magsaysay', 'level': 'citymun', 'code': np.int64(175105), 'matched_name': 'MAGSAYSAY'}, {'entity': 'prosperidad', 'level': 'citymun', 'code': np.int64(160306), 'matched_name': 'PROSPERIDAD (Capital)'}, {'entity': 'lapaz', 'level': 'barangay', 'code': np.int64(61906016), 'matched_name': 'Lapaz'}, {'entity': 'rosario', 'level': 'citymun', 'code': np.int64(13313), 'matched_name': 'ROSARIO'}, {'entity': 'talacogon', 'level': 'citymun', 'code': np.int64(160311), 'matched_name': 'TALACOGON'}, {'entity': 'esperanza', 'level': 'citymun', 'code': np.int64(54109), 'matched_name': 'ESPERANZA'}, {'entity': 'tagbina', 'level': 'citymun', 'code': np.int64(166817), 'matched_name': 'TAGBINA'}]",MONKAYO (citymun); LAAK (SAN VICENTE) (citymun); AGUSAN DEL SUR (province); SURIGAO DEL SUR (province); DAVAO ORIENTAL (province); BOSTON (citymun); DAVAO DEL NORTE (province); KAPALONG (citymun); SURIGAO DEL NORTE (province); ZAMBOANGA DEL NORTE (province); ZAMBOANGA SIBUGAY (province); BASILAN (province); SOUTH COTABATO (province); SARANGANI (province); SULTAN KUDARAT (province); COTABATO CITY (citymun); DAVAO DEL SUR (province); LANAO DEL SUR (province); MISAMIS ORIENTAL (province); AGUSAN DEL NORTE (province); SIBAGAT (citymun); BUKIDNON (province); LANAO DEL NORTE (province); DAVAO OCCIDENTAL (province); TARRAGONA (citymun); BANAYBANAY (citymun); LUPON (citymun); MANAY (citymun); REGION XIII (Caraga) (region); MISAMIS OCCIDENTAL (province); ZAMBOANGA DEL SUR (province); SULU (province); CAMIGUIN (province); CARMEN (citymun); ASUNCION (SAUG) (citymun); TALAINGOD (citymun); DAVAO CITY (citymun); PANTUKAN (citymun); MACO (citymun); MABINI (citymun); MARAGUSAN (SAN MARIANO) (citymun); NABUNTURAN (Capital) (citymun); MAWAB (citymun); MONTEVISTA (citymun); COMPOSTELA (citymun); ZAMBOANGA CITY (citymun); MALALAG (citymun); SULOP (citymun); PADADA (citymun); HAGONOY (citymun); MATANAO (citymun); BANSALAN (citymun); MAGSAYSAY (citymun); PROSPERIDAD (Capital) (citymun); Lapaz (barangay); ROSARIO (citymun); TALACOGON (citymun); ESPERANZA (citymun); TAGBINA (citymun),"['02:00 PM 26', 'October 2025']","['2025-10-26T14:00:00', '2025-10-26T00:00:00']",2025-10-26T14:00:00,model_extracted_datetime,"October 26, 2025 14:00:00"
Facebook,DavaoDRRMO,"𝐂𝐃𝐑𝐑𝐌𝐎-𝐎𝐏𝐂𝐄𝐍 𝐖𝐄𝐀𝐓𝐇𝐄𝐑 𝐔𝐏𝐃𝐀𝐓𝐄: As of 01:15 PM | October 26, 2025 𝐖𝐞𝐚𝐭𝐡𝐞𝐫 𝐒𝐲𝐬𝐭𝐞𝐦: 𝙇𝙤𝙬 𝙋𝙧𝙚𝙨𝙨𝙪𝙧𝙚 𝘼𝙧𝙚𝙖 (𝙇𝙋𝘼) Reported rainfall within the areas of Poblacion, Toril, Agdao, Calinan, Talomo, Buhangin, Marilog, and Tugbok Districts has stopped.  Areas within Davao City are experiencing cloudy weather conditions. All river channels are monitored at 𝐂𝐎𝐃𝐄 𝐆𝐑𝐄𝐄𝐍 (𝘚𝘢𝘧𝘦 𝘓𝘦𝘷𝘦𝘭). 𝐂𝐎𝐀𝐒𝐓𝐀𝐋 𝐒𝐓𝐀𝐓𝐔𝐒: > Calm seas > Low tide #𝗪𝗲𝗮𝘁𝗵𝗲𝗿𝗨𝗽𝗱𝗮𝘁𝗲 #𝗗𝗮𝘃𝗮𝗼𝗖𝗶𝘁𝘆𝗗𝗥𝗥𝗠𝗢 𝐂𝐃𝐑𝐑𝐌𝐎-𝐎𝐏𝐂𝐄𝐍 𝐖𝐄𝐀𝐓𝐇𝐄𝐑 𝐔𝐏𝐃𝐀𝐓𝐄:",Unknown,2025-10-26 14:29,Unknown,https://www.facebook.com/DavaoDRRMO/posts/pfbid0Fioc3ZuHVgykksGMQR95Updmvb5kkZ4eRfscjw8VKzgf6Mh3vJdtXWvpyr2EBu1Nl?__cft__[0]=AZUny89aLFw9T6Tivp0lNjsPHcIEgGJZ5YZYQnNC7TxXCEbZbBZDN-2XnzpWIrDZNOoDV9qMZ-38NvqUv0hEKwVT8HxLkDiv4-lNQUhBgLgppNVC47ijDzG1PdhYPJ-K0fX9sSGAzq_poZzQKsWIyOE_EjTeu4AH2Fc6gNvQOgdJvR5zJSkSwCeypMmNQwieRn0&__tn__=%2CO%2CP-R,"[{'entity': 'poblacion', 'level': 'barangay', 'code': np.int64(12806011), 'matched_name': 'Poblacion'}, {'entity': 'toril', 'level': 'barangay', 'code': np.int64(71201010), 'matched_name': 'Toril'}, {'entity': 'agdao', 'level': 'barangay', 'code': np.int64(15524002), 'matched_name': 'Agdao'}, {'entity': 'calinan', 'level': 'barangay', 'code': np.int64(112402026), 'matched_name': 'Calinan (Pob.)'}, {'entity': 'talomo', 'level': 'barangay', 'code': np.int64(112318015), 'matched_name': 'Talomo'}, {'entity': 'buhangin', 'level': 'barangay', 'code': np.int64(37701006), 'matched_name': 'Buhangin'}, {'entity': 'marilog', 'level': 'barangay', 'code': np.int64(112402073), 'matched_name': 'Marilog'}, {'entity': 'davao city', 'level': 'citymun', 'code': np.int64(112402), 'matched_name': 'DAVAO CITY'}]",Poblacion (barangay); Toril (barangay); Agdao (barangay); Calinan (Pob.) (barangay); Talomo (barangay); Buhangin (barangay); Marilog (barangay); DAVAO CITY (citymun),"['01:15 PM', 'October 26, 2025']","['2025-10-26T13:15:00', '2025-10-26T00:00:00']",2025-10-26T13:15:00,model_extracted_datetime,"October 26, 2025 13:15:00"
Facebook,NDRRMC,"Summary of 24-Hour Observation of Active Volcanoes Mt. Taal, Mayon, Bulusan and Kanlaon 25 October 2025 Source: Philippine Institute of Volcanology and Seismology (PHIVOLCS-DOST) #NDRRMC #BawatSegundoMahalaga Summary of 24-Hour Observation of Active Volcanoes Mt. Taal, Mayon, Bulusan and Kanlaon",Unknown,2025-10-26 14:29,Unknown,https://www.facebook.com/NDRRMC/posts/pfbid0DCnoEbpcGGXesCSndqsRvxivVGrKCGi8ZV1vvpS949Twkh4PH4yruYUMAXeWALeGl?__cft__[0]=AZVFZb9nx__S2Iy4xGASujAKzxfYE3_bj8i3pdugwt3hnq6H_4-moPszAbMMldHtEdofVJ2BQ-2XY1WlZb3J9K9pPiw5a7oyTJThmUsGcfaj_uCrG0BCxbywk7IR1HFpDkJ9xVJXLVcux0rX2Z26GVIQH6noykFwlIELV__y_p9HpnLaWINq42WTqCoNY8bdfnY&__tn__=%2CO%2CP-R,"[{'entity': 'Batangas', 'level': 'province', 'code': np.int64(410), 'matched_name': 'BATANGAS'}, {'entity': 'Albay', 'level': 'province', 'code': np.int64(505), 'matched_name': 'ALBAY'}, {'entity': 'Sorsogon', 'level': 'province', 'code': np.int64(562), 'matched_name': 'SORSOGON'}, {'entity': 'Negros Occidental', 'level': 'province', 'code': np.int64(645), 'matched_name': 'NEGROS OCCIDENTAL'}]",BATANGAS (province); ALBAY (province); SORSOGON (province); NEGROS OCCIDENTAL (province),['25 October 2025'],['2025-10-25T00:00:00'],2025-10-25T00:00:00,model_extracted_datetime,"October 25, 2025 00:00:00"
Facebook,pagasa.dost.gov.ph,"Weather Advisory No. 2 For: Low Pressure Area Issued at: Oct. 26, 2025, 11 a.m. Heavy rainfall outlook due to Low Pressure Area (LPA) Today to tomorrow noon (October 27) (50-100 mm): Northern Samar, Eastern Samar, Samar, Leyte, Negros Occidental, Negros Oriental, Cebu, Bohol, Iloilo, Aklan, Capiz, Antique, Guimaras, Southern Leyte, Misamis Occidental, Siquijor, Zamboanga del Norte, Surigao del Norte, Surigao del Sur, Dinagat Islands, , Agusan del Norte, Misamis Oriental, Camiguin, and Davao Oriental Tomorrow noon to Tuesday noon (October 28) (50-100 mm): Palawan, Aklan, Antique, and Capiz Forecast rainfall may be higher in mountainous and elevated areas. Moreover, impacts in some areas may be worsened by significant antecedent rainfall. The public disaster risk reduction and management offices concerned are advised to take all necessary measures to protect life and property. PAGASA Regional Services Divisions may issue Heavy Rainfall Warnings/Thunderstorm Advisories, and other severe weather information specific to their areas of responsibility as appropriate. Unless significant changes occur, the next Weather Advisory will be issued at 5:00 PM today. 𝐅𝐨𝐫 𝐀𝐝𝐝𝐢𝐭𝐢𝐨𝐧𝐚𝐥 𝐈𝐧𝐟𝐨𝐫𝐦𝐚𝐭𝐢𝐨𝐧: The key difference between a 𝐇𝐞𝐚𝐯𝐲 𝐑𝐚𝐢𝐧𝐟𝐚𝐥𝐥 𝐖𝐚𝐫𝐧𝐢𝐧𝐠 and a 𝐖𝐞𝐚𝐭𝐡𝐞𝐫 𝐀𝐝𝐯𝐢𝐬𝐨𝐫𝐲 lies in their forecast period, coverage areas, and accuracy. A 𝐇𝐞𝐚𝐯𝐲 𝐑𝐚𝐢𝐧𝐟𝐚𝐥𝐥 𝐖𝐚𝐫𝐧𝐢𝐧𝐠 provides forecasts for the next three hours and applies up to the municipal level. It is more precise as it utilizes Doppler radar technology to track real-time rainfall intensity, making it highly effective for immediate decision-making in flood-prone areas. A 𝐖𝐞𝐚𝐭𝐡𝐞𝐫 𝐀𝐝𝐯𝐢𝐬𝐨𝐫𝐲, on the other hand, covers a 24-hour period but is issued only at the provincial level. It provides a broader outlook on potential weather disturbances but lacks the short-term accuracy of 𝐇𝐞𝐚𝐯𝐲 𝐑𝐚𝐢𝐧𝐟𝐚𝐥𝐥 𝐖𝐚𝐫𝐧𝐢𝐧𝐠𝐬. For class suspensions or other official decisions, please refer to 𝐇𝐞𝐚𝐯𝐲 𝐑𝐚𝐢𝐧𝐟𝐚𝐥𝐥 𝐖𝐚𝐫𝐧𝐢𝐧𝐠𝐬 issued by the respective PAGASA Regional Services Divisions. NORTHERN LUZON PRSD PAGASA-National Capital Region PRSD SOUTHERNLUZON PRSD VISAYAS PRSD MINDANAO PRSD Weather Advisory No. 2",Unknown,2025-10-26 14:29,Unknown,https://www.facebook.com/PAGASA.DOST.GOV.PH/posts/pfbid02muSXVsmHzNA8wo6jP8gLiaDeQ9Km7YFqU1xwgwKDWyz2mUAUdKnkpxpJpUgqfcvLl?__cft__[0]=AZWlskgUdAKdb3OqOIhtjiUyJpn9k-BCysv26eu2IAIE-r6wVBwCZEjTjhTSOjG0SX4I1DGUYGRaEJS56rc04hvjps_nIBirmpAF4LnrQJfkkB-9jQVJzMjlBsgZ6t9r5VDBucFqKB13vJnh7SYN26Gtuc6vtwhM58j2XPNPkoo4wxxRGSWMorx4ZhA0GFlazI4&__tn__=%2CO%2CP-R,"[{'entity': 'northern samar', 'level': 'province', 'code': np.int64(848), 'matched_name': 'NORTHERN SAMAR'}, {'entity': 'eastern samar', 'level': 'province', 'code': np.int64(826), 'matched_name': 'EASTERN SAMAR'}, {'entity': 'samar', 'level': 'province', 'code': np.int64(860), 'matched_name': 'SAMAR (WESTERN SAMAR)'}, {'entity': 'leyte', 'level': 'province', 'code': np.int64(837), 'matched_name': 'LEYTE'}, {'entity': 'negros occidental', 'level': 'province', 'code': np.int64(645), 'matched_name': 'NEGROS OCCIDENTAL'}, {'entity': 'negros oriental', 'level': 'province', 'code': np.int64(746), 'matched_name': 'NEGROS ORIENTAL'}, {'entity': 'cebu', 'level': 'province', 'code': np.int64(722), 'matched_name': 'CEBU'}, {'entity': 'bohol', 'level': 'province', 'code': np.int64(712), 'matched_name': 'BOHOL'}, {'entity': 'iloilo', 'level': 'province', 'code': np.int64(630), 'matched_name': 'ILOILO'}, {'entity': 'aklan', 'level': 'province', 'code': np.int64(604), 'matched_name': 'AKLAN'}, {'entity': 'capiz', 'level': 'province', 'code': np.int64(619), 'matched_name': 'CAPIZ'}, {'entity': 'antique', 'level': 'province', 'code': np.int64(606), 'matched_name': 'ANTIQUE'}, {'entity': 'guimaras', 'level': 'province', 'code': np.int64(679), 'matched_name': 'GUIMARAS'}, {'entity': 'southern leyte', 'level': 'province', 'code': np.int64(864), 'matched_name': 'SOUTHERN LEYTE'}, {'entity': 'misamis occidental', 'level': 'province', 'code': np.int64(1042), 'matched_name': 'MISAMIS OCCIDENTAL'}, {'entity': 'siquijor', 'level': 'province', 'code': np.int64(761), 'matched_name': 'SIQUIJOR'}, {'entity': 'zamboanga del norte', 'level': 'province', 'code': np.int64(972), 'matched_name': 'ZAMBOANGA DEL NORTE'}, {'entity': 'surigao del norte', 'level': 'province', 'code': np.int64(1667), 'matched_name': 'SURIGAO DEL NORTE'}, {'entity': 'surigao del sur', 'level': 'province', 'code': np.int64(1668), 'matched_name': 'SURIGAO DEL SUR'}, {'entity': 'dinagat islands', 'level': 'province', 'code': np.int64(1685), 'matched_name': 'DINAGAT ISLANDS'}, {'entity': 'agusan del norte', 'level': 'province', 'code': np.int64(1602), 'matched_name': 'AGUSAN DEL NORTE'}, {'entity': 'misamis oriental', 'level': 'province', 'code': np.int64(1043), 'matched_name': 'MISAMIS ORIENTAL'}, {'entity': 'camiguin', 'level': 'province', 'code': np.int64(1018), 'matched_name': 'CAMIGUIN'}, {'entity': 'davao oriental', 'level': 'province', 'code': np.int64(1125), 'matched_name': 'DAVAO ORIENTAL'}, {'entity': 'palawan', 'level': 'province', 'code': np.int64(1753), 'matched_name': 'PALAWAN'}, {'entity': 'northern luzon', 'level': 'island_group', 'code': None, 'matched_name': 'Luzon'}]",NORTHERN SAMAR (province); EASTERN SAMAR (province); SAMAR (WESTERN SAMAR) (province); LEYTE (province); NEGROS OCCIDENTAL (province); NEGROS ORIENTAL (province); CEBU (province); BOHOL (province); ILOILO (province); AKLAN (province); CAPIZ (province); ANTIQUE (province); GUIMARAS (province); SOUTHERN LEYTE (province); MISAMIS OCCIDENTAL (province); SIQUIJOR (province); ZAMBOANGA DEL NORTE (province); SURIGAO DEL NORTE (province); SURIGAO DEL SUR (province); DINAGAT ISLANDS (province); AGUSAN DEL NORTE (province); MISAMIS ORIENTAL (province); CAMIGUIN (province); DAVAO ORIENTAL (province); PALAWAN (province); Luzon (island_group),"['Oct. 26, 2025', '11 a.m', 'October 27', 'Tuesday', 'October 28', '5:00 PM']","['2025-10-26T17:00:00', '2025-10-26T00:00:00', '2025-10-26T11:00:00', '2025-10-27T00:00:00', '2025-10-28T00:00:00', '2025-10-28T17:00:00']",2025-10-26T17:00:00,model_extracted_datetime,"October 26, 2025 17:00:00"
Facebook,PHIVOLCS,"#EarthquakePH #EarthquakeCebu Earthquake Information No.1 Date and Time: 26 October 2025 - 02:11 PM Magnitude = 1.6 Depth = 029 km Location = 11.29°N, 124.00°E - 028 km N 04° E of City Of Bogo (Cebu) https://earthquake.phivolcs.dost.gov.ph/.../2025_1026... #EarthquakePH #EarthquakeCebu",Unknown,2025-10-26 14:29,Unknown,https://www.facebook.com/PHIVOLCS/posts/pfbid02PUrhgJdG34nMpUwG3TikYd3ELdcZaboM6AJKjgneyfVtYYMK5yEgb8hH73pk4guUl?__cft__[0]=AZW698b1SLlpS_5rdsOHW2lKSTuA7EFCxPtaoOemBYghFr6EORKOVHAzbyASW7hjNR04gfbNnIGYm1t6BgxwXRCNjzYaXy_Zhj8LCY_p6mBTrVgZ3LYaNKEjuG7e_cQzRJVSAzDWOfql_az9c4KAI4mV_px5TRdZRyKbcIiCME4xXep2272C5Y0EUjmIRbsYOWI&__tn__=%2CO%2CP-R,"[{'entity': 'cebu', 'level': 'province', 'code': np.int64(722), 'matched_name': 'CEBU'}]",CEBU (province),"['26 October 2025', '02:11 PM', '2025', '10']","['2025-10-26T14:11:00', '2025-10-26T14:11:00', '2025-10-26T00:00:00', '2025-10-10T00:00:00']",2025-10-26T14:11:00,model_extracted_datetime,"October 26, 2025 14:11:00"
Facebook,stormchasersPH,"DALAWANG PAGSABOG, NAITALA SA BULKANG TAAL NGAYONG LINGGO NG UMAGA AYON SA PHIVOLCS  Naitala ang dalawang minor phreatomagmatic eruption o mahinang pagsabog sa Bulkang Taal kaninang 8:13 AM at 8:20 AM, Linggo, October 26, ayon sa PHIVOLCS. Lumikha ito ng nasa 1,200 - 2,100 metrong taas ng makapal na usok na na-record mula sa Main Crater IP at thermal cameras sa bulkan. Nananatiling nasa ALERT LEVEL 1 ang status ng bulkan.  PHIVOLCS #TaalVolcanoEruption DALAWANG PAGSABOG, NAITALA SA BULKANG TAAL NGAYONG LINGGO NG UMAGA AYON SA PHIVOLCS",Unknown,2025-10-26 14:29,Unknown,https://www.facebook.com/stormchasersPH/,"[{'entity': 'Batangas', 'level': 'province', 'code': np.int64(410), 'matched_name': 'BATANGAS'}]",BATANGAS (province),"['8:13 AM', '8:20 AM', 'Linggo,', 'October 26,']","['2025-10-26T08:13:00', '2025-10-26T08:20:00', '2025-10-26T00:00:00']",2025-10-26T08:13:00,model_extracted_datetime,"October 26, 2025 08:13:00"
Facebook,weather.davao,"24 HR. LOCALIZED WEATHER FORECAST FOR DAVAO REGION ISSUED AT 5:00 AM OCTOBER 26, 2025 Valid Until  5:00 AM TOM0RROW SYNOPSIS:   At 3:00 AM today, a Low Pressure Area (LPA) was estimated based on all available data at 210 km East of General Santos City (6.0°N, 127.0°E). It is embedded along the Intertropical Convergence Zone (ITCZ) affecting Palawan, Visayas, and Mindanao. Shear Line affecting Extreme Northern Luzon. Low Pressure Area (LPA) affecting Davao Region. FORECAST:   DAVAO REGION will experience cloudy skies with scattered rainshowers and thunderstorms due to Low Pressure Area (LPA). Possible flash floods or landslides due to moderate to at times heavy rains.  Light to Moderate winds coming from Northeast to Northwest will prevail and the coastal waters will be Slight to Moderate.  (0.6 to 2.5 meters wave height) KAUGALINGONG PINULUNGAN:  Ang DAVAO REGION makasinati ug mapanganuron nga kalangitan inubanan sa KATAG KATAG nga pag-ulan  kilat ug pagpanalugdog tungod sa Low Pressure Area (LPA). Posible ang pagbaha ug pagdahili sa yuta kung adunay masinati na kasarangan ngadto sa kusog nga pag ulan.  Hinay ngadto sa Kasarangan nga huyop sa hangin nga magagikan sa Habagatang Sidlakan ngadto sa Habagatang Kasadpan nga  direksyon ang mupasulabi, ug ang kadagatan mahimong hapsay ngadto sa  kasarangan ang balod.  (0.6 to 2.5 meters wave height). OVER DAVAO CITY Temperature Today:         25˚C to 31˚C     Sunrise  (Sidlak)  Today:   5: 28 AM       Sunset  (Salop)    Today:   5: 22 PM For more information and queries, please call telephone for local number (082)234-0890 and (088)555-0485 for regional or log on to  bagong.pagasa.dost.gov.ph…/regional…/Mindanao-PRSD or join our Facebook Group at Mindanao PRSD (Regional Office) or PAGASA Davao (Local). 24 HR. LOCALIZED WEATHER FORECAST FOR DAVAO REGION",Unknown,2025-10-26 14:29,Unknown,https://www.facebook.com/weather.davao/posts/pfbid0sSdRo9LdkgvZbuRhFLHBeF7gjH68C7ZZHknScR2RvaCR9Xto5e3jkhzbfKQto9Aol?__cft__[0]=AZVC0oZxl0A0xMhpsI8THpkvvtldx0GVShavYwXLTe0PL56b21ME1xflQhdY0xGNuD5OPUTG_RC6MPNcotKmQ_yt13nCi6jC4j0uRXX88YY9zoLhkKkcO_1Dbl84RUZVT0qgsu131kwqlCLpIUgOdUeIojT2Gd2SoR3UCytDf1KINDufu6dS2nJFtfxXgAyuZeU&__tn__=%2CO%2CP-R,"[{'entity': 'davao region', 'level': 'region', 'code': np.int64(11), 'matched_name': 'REGION XI (DAVAO REGION)'}, {'entity': 'general santos city', 'level': 'citymun', 'code': np.int64(126303), 'matched_name': 'GENERAL SANTOS CITY (DADIANGAS)'}, {'entity': 'palawan', 'level': 'province', 'code': np.int64(1753), 'matched_name': 'PALAWAN'}, {'entity': 'visayas', 'level': 'island_group', 'code': None, 'matched_name': 'visayas'}, {'entity': 'davao city', 'level': 'citymun', 'code': np.int64(112402), 'matched_name': 'DAVAO CITY'}]",REGION XI (DAVAO REGION) (region); GENERAL SANTOS CITY (DADIANGAS) (citymun); PALAWAN (province); visayas (island_group); DAVAO CITY (citymun),"['5:00 AM', 'OCTOBER 26, 2025', '5:00 AM', '3:00 AM', '5: 28 AM', '5: 22 PM']","['2025-10-26T05:00:00', '2025-10-26T03:00:00', '2025-10-26T00:00:00']",2025-10-26T05:00:00,model_extracted_datetime,"October 26, 2025 05:00:00"
Facebook,#BahaPH,"Grabi yung mga Nangyayari sa bansa natin, Ninakawan na nga tayo ng mga Contractor, Congressman, Senador at iba pang Ahensya tapos may mga mangyayari pa na ganito.  Luzon - BAHA Visayas - LINDOL Mindanao - SUNOG Ipagdasal natin yung mga kababayan natin na apektado ng mga sakuna. At ipagdasal natin na ang bansa natin na magkaroon ng pagbabago.   #Luzon #Visayas #Mindanao #FloodControlProjects #BahaPH #LindolPH #SunogPH #AntiCorruptionProtest #AntiCorruptionMovement #PilipinasToday Grabi yung mga Nangyayari sa bansa natin, Ninakawan na nga tayo ng mga Contractor, Congressman, Senador at iba pang Ahensya tapos may mga mangyayari pa na ganito.",Unknown,2025-10-26 14:29,Unknown,https://www.facebook.com/ciao.channel.2025/posts/pfbid02GFpRrfi1t95gKyS9jckbm7fwnw1pGQiEgTF1s9uBgjctS5wARu4LxpJyA7STJXu2l?__cft__[0]=AZWMGoNd1Q0J_duV_YJwkf0K7x6nGReGKgm7OiXwgqXuTgsE79ef8vVPcYEPo7-kkwyUf7cds9ROWjRmDbw-iYt0-O6w9ejMbGp-cE5Trl9bK5gJphSpixi5JvnlknugACEtQIgtZSV5Lhql-GFv6DdBoi3Fde7BbnuK2iOO-290GrfXW6_7VRIhQPOt-_JM4b0&__tn__=%2CO%2CP-R,"[{'entity': 'luzon', 'level': 'island_group', 'code': None, 'matched_name': 'luzon'}]",luzon (island_group),[],[],2025-10-26T14:29:00,scraped_timestamp,"October 26, 2025 14:29:00"
Facebook,#EarthquakePH,"#EarthquakePH #EarthquakeSurigaoDelNorte #iFelt_SurigaoDelNorteEarthquake Earthquake Information No.1 Date and Time: 17 October 2025 - 07:03 AM Magnitude = 6.2 Depth = 010 km Location = 09.67°N, 126.20°E - 013 km S 21° E of General Luna (Surigao Del Norte) Reported Intensities: Instrumental Intensities:  Intensity IV - Cabadbaran City, AGUSAN DEL NORTE; Hinunangan, San Francisco, Hinundayan, Silago, SOUTHERN LEYTE; Surigao City, SURIGAO DEL NORTE https://earthquake.phivolcs.dost.gov.ph/.../2025_1016... #EarthquakePH #EarthquakeSurigaoDelNorte",Unknown,2025-10-26 14:29,Unknown,https://www.facebook.com/PHIVOLCS/posts/pfbid02vbLTkz7RV4VovdcCBRK2egM8rsNXN721xKvLVSTA6QzsUmMv4x7fcwzjciiq5r7Ml?__cft__[0]=AZU6QIDltF2k3Sgn0DDByzKZ9FJuoEE5Rl8ftfow4B75ivnyU4Vpdva0pTnbIfGZfHsPUG1qFtZ4OxfS_oPc3BuvWC4dARtwGQKN03BwKIKkxk-5SbN2NQ7mP85axW2llpuYTW6CKOiUY09_2zTqaB7vVY8BItmJeCFJZM0UK6qvrZn9JJ0IeTUBuyh4MkW1o3E&__tn__=%2CO%2CP-R,"[{'entity': 'surigao del norte', 'level': 'province', 'code': np.int64(1667), 'matched_name': 'SURIGAO DEL NORTE'}, {'entity': 'cabadbaran city', 'level': 'citymun', 'code': np.int64(160203), 'matched_name': 'CITY OF CABADBARAN'}, {'entity': 'agusan del norte', 'level': 'province', 'code': np.int64(1602), 'matched_name': 'AGUSAN DEL NORTE'}, {'entity': 'hinunangan', 'level': 'citymun', 'code': np.int64(86403), 'matched_name': 'HINUNANGAN'}, {'entity': 'san francisco', 'level': 'citymun', 'code': np.int64(45642), 'matched_name': 'SAN FRANCISCO (AURORA)'}, {'entity': 'hinundayan', 'level': 'citymun', 'code': np.int64(86404), 'matched_name': 'HINUNDAYAN'}, {'entity': 'silago', 'level': 'citymun', 'code': np.int64(86416), 'matched_name': 'SILAGO'}, {'entity': 'surigao city', 'level': 'citymun', 'code': np.int64(166724), 'matched_name': 'SURIGAO CITY (Capital)'}]",SURIGAO DEL NORTE (province); CITY OF CABADBARAN (citymun); AGUSAN DEL NORTE (province); HINUNANGAN (citymun); SAN FRANCISCO (AURORA) (citymun); HINUNDAYAN (citymun); SILAGO (citymun); SURIGAO CITY (Capital) (citymun),"['17 October 2025', '07:03 AM']","['2025-10-17T07:03:00', '2025-10-17T00:00:00', '2025-10-26T07:03:00']",2025-10-17T07:03:00,model_extracted_datetime,"October 17, 2025 07:03:00"
Facebook,#LandslideAlert,"COLLAPSED STRUCTURE ALERT: Dalawang indibidwal ang natabunan ng gumuhong lupa matapos gumuho ang bahagi ng BUDA Highway, Overview, Palacapao, Quezon, Bukidnon sa landslide nitong Sabado ng gabi, Oktubre 18, 2025. Nagsasagawa na ng search and retrieval operations ang awtoridad upang mahanap ang mga biktimang kinilala na sina Ely Ubatay at Thelma Ubatay, mga residente ng Purok 9, Kahusayan, Kitaotao, Bukidnon. I  : Forts Cabarde, Certified Lahtagaw  #LandslideAlert #CollapsedRoad #Quezon #Bukidnon COLLAPSED STRUCTURE ALERT: Dalawang indibidwal ang natabunan ng gumuhong lupa matapos gumuho ang bahagi ng BUDA Highway, Overview, Palacapao, Quezon, Bukidnon sa landslide nitong Sabado ng gabi, Oktubre 18, 2025.",Unknown,2025-10-26 14:29,Unknown,https://www.facebook.com/jesryl.alizer/posts/pfbid037eQAFt3arU8WAYA2qveh7WtdRYJxMqhu1x99AdckZBwSzd5aMu6bMaU9bzznjJnwl?__cft__[0]=AZXjSfiAUt6xeVVdeR_VORrXsR1L-8w7a0Xik3WoK2VmKtAb_MPPEEuNsR0VUf2bbT1Ym3bmhIpdW_6t0muoJoeO8OSGf4lZ1zHW1bk4ZpjsMs-g_OwogFDf_CgzeCmUlyWVQxcfn_Io1YwM3LOPwsgZIJGSx-SMynxQQ-E6XXvs_UmgiNcZQtY8KVlWl-W1wzY&__tn__=%2CO%2CP-R,"[{'entity': 'buda highway', 'level': 'barangay', 'code': np.int64(112402178), 'matched_name': 'Buda'}, {'entity': 'overview', 'level': 'barangay', 'code': np.int64(97206042), 'matched_name': 'Overview'}, {'entity': 'palacapao', 'level': 'barangay', 'code': np.int64(101317026), 'matched_name': 'Palacapao'}, {'entity': 'quezon', 'level': 'province', 'code': np.int64(456), 'matched_name': 'QUEZON'}, {'entity': 'bukidnon', 'level': 'province', 'code': np.int64(1013), 'matched_name': 'BUKIDNON'}, {'entity': 'kahusayan', 'level': 'barangay', 'code': np.int64(101309010), 'matched_name': 'Kahusayan'}, {'entity': 'kitaotao', 'level': 'citymun', 'code': np.int64(101309), 'matched_name': 'KITAOTAO'}]",Buda (barangay); Overview (barangay); Palacapao (barangay); QUEZON (province); BUKIDNON (province); Kahusayan (barangay); KITAOTAO (citymun),"['Sabado', 'Oktubre 18, 2025', 'Sabado', 'Oktubre 18, 2025']",['2025-10-18T00:00:00'],2025-10-18T00:00:00,model_extracted_datetime,"October 18, 2025 00:00:00"
Facebook,#LandslidePH,"A landslide occurred at 12:30 AM in San Ramon, San Ricardo, Southern Leyte, on July 13, 2025, resulting in one person missing and one injured.  The incident took place in Barangay San Ramon, a village located 40 kilometers from the town proper.According to reports the landslide was triggered by prolonged heavy rains.  The missing person was identified as Dador Moscosa, a foreman for 888 ACY Construction, the company working on a viaduct project in the area.  #SanRicardoLandslide #SouthernLeyteAlert #LeyteLandslide #LandslidePH #PHWeatherAlert ctto A landslide occurred at 12:30 AM in San Ramon, San Ricardo, Southern Leyte, on July 13, 2025, resulting in one person missing and one injured.",Unknown,2025-10-26 14:29,Unknown,https://www.facebook.com/DavaoCityResponder/posts/pfbid0rRyyEK3fDmKEy4522sptMcHXbGRzVm1fLN4UpkCSsyE2RkQkp8VwccQn4CTNcuatl?__cft__[0]=AZU4cxyt5ijQ3X0t4kYn53coCDI6CcGWHTH-Eh72T2IRs5NYb1u0n4NivlT4vta0OUl-ylJ4lQSoj2ZSIFpI5apVGNh_Zkb3slQJkpDv94MTf1pyPwF0pULa_BHg0lEnblTGEENKrnM9F_e-LmjD_-3AaNuqIM8MpQXBQOqXlJ4wwZKFM2n7l_3r4QNoAn1sav4&__tn__=%2CO%2CP-R,"[{'entity': 'san ramon', 'level': 'barangay', 'code': np.int64(12823052), 'matched_name': 'San Ramon (Pob.)'}, {'entity': 'san ricardo', 'level': 'citymun', 'code': np.int64(86415), 'matched_name': 'SAN RICARDO'}, {'entity': 'southern leyte', 'level': 'province', 'code': np.int64(864), 'matched_name': 'SOUTHERN LEYTE'}]",San Ramon (Pob.) (barangay); SAN RICARDO (citymun); SOUTHERN LEYTE (province),"['12:30 AM', 'July 13, 2025', '12:30 AM', 'July 13, 2025']","['2025-07-13T00:30:00', '2025-10-26T00:30:00', '2025-07-13T00:00:00']",2025-07-13T00:30:00,model_extracted_datetime,"July 13, 2025 00:30:00"
Facebook,#StreetFloodAlert,"QUEZON CITY ALERT  Grabe ang buhos ng ulan ngayon sa QC!Partikular sa Masaya St., Maginhawa, at kanto ng Commonwealth — tuloy-tuloy ang malakas na ulan.",Unknown,2025-10-26 14:29,Unknown,https://www.facebook.com/hashtag/StreetFloodAlert,"[{'entity': 'quezon city', 'level': 'citymun', 'code': np.int64(23122), 'matched_name': 'QUEZON'}, {'entity': 'masaya st.', 'level': 'barangay', 'code': np.int64(41021021), 'matched_name': 'Masaya'}, {'entity': 'maginhawa', 'level': 'barangay', 'code': np.int64(175104014), 'matched_name': 'Maginhawa (Pob.)'}]",QUEZON (citymun); Masaya (barangay); Maginhawa (Pob.) (barangay),[],[],2025-10-26T14:29:00,scraped_timestamp,"October 26, 2025 14:29:00"
Facebook,#tsunamialert,"𝗣𝗥𝗔𝗬 𝗙𝗢𝗥 𝗗𝗔𝗩𝗔𝗢  A magnitude 7.6 earthquake has struck Davao and surrounding regions, deeply affecting many lives. As we navigate these challenges, let us pray and trust in God for protection and strength. Our hearts are with everyone in Davao Oriental and throughout the Philippines.   Ctto via Tsismoso/original owner #PrayForDavao #Kagayunknown #folowers #TopFans  #PrayForThePhilippines #WonderfulBicol #Bayanihan #LabanPilipinas #EarthquakePH #TsunamiAlert #Hope #Faith #FilipinoSpirit #StaySafePH #Mindanao #GodIsWithUs 𝗣𝗥𝗔𝗬 𝗙𝗢𝗥 𝗗𝗔𝗩𝗔𝗢",Unknown,2025-10-26 14:29,Unknown,https://www.facebook.com/Cdoaimtospiretv/posts/pfbid02vY4Ti97HUUWwmAStfpF9kqpb4p6mw1Leyno2enDArSVXFyWbqEhkkGprdVfKesGbl?__cft__[0]=AZXgwNBwTf2OrC8BLvSMHSQlTDyIaGGeTEz8UB9BHW2C5yVrzaI_FklbFmXHew7KxcZXbRbdc3ngKVbjOo1yKRJLIMUhMka4tatVWN8l6s2MzUqB8DN-PCT2DLORf7hB0GYfeVSzEuFNRUhvOSfICAhSLLE9BBwZHrMQKUzLnvcOki8zqzkgbaZ83Fm4DTDqMCw&__tn__=%2CO%2CP-R,"[{'entity': 'davao oriental', 'level': 'province', 'code': np.int64(1125), 'matched_name': 'DAVAO ORIENTAL'}, {'entity': 'philippines', 'level': 'country', 'code': None, 'matched_name': 'Philippines'}, {'entity': 'mindanao', 'level': 'island_group', 'code': None, 'matched_name': 'mindanao'}]",DAVAO ORIENTAL (province); Philippines (country); mindanao (island_group),[],[],2025-10-26T14:29:00,scraped_timestamp,"October 26, 2025 14:29:00"
X,dost_pagasa,"Thunderstorm Advisory No. 25 #NCR_PRSD
Issued at: 4:15 PM, 25 October 2025(Saturday)

Moderate to heavy rainshowers with lightning and strong winds are expected over Laguna(Calamba, Los Banos, Cabuyao, Bay, Alaminos, Calauan) and Bataan(Mariveles, Limay, Orion, Bagac) within the",2025-10-25 16:16,2025-10-26 14:36,dost_pagasa,https://x.com/dost_pagasa/status/1981998353765535932,"[{'entity': 'laguna', 'level': 'province', 'code': np.int64(434), 'matched_name': 'LAGUNA'}, {'entity': 'calamba', 'level': 'citymun', 'code': np.int64(104204), 'matched_name': 'CALAMBA'}, {'entity': 'cabuyao', 'level': 'barangay', 'code': np.int64(15514004), 'matched_name': 'Cabuyao'}, {'entity': 'bay', 'level': 'citymun', 'code': np.int64(43402), 'matched_name': 'BAY'}, {'entity': 'alaminos', 'level': 'citymun', 'code': np.int64(43401), 'matched_name': 'ALAMINOS'}, {'entity': 'calauan', 'level': 'citymun', 'code': np.int64(43406), 'matched_name': 'CALAUAN'}, {'entity': 'bataan', 'level': 'province', 'code': np.int64(308), 'matched_name': 'BATAAN'}, {'entity': 'mariveles', 'level': 'citymun', 'code': np.int64(30807), 'matched_name': 'MARIVELES'}, {'entity': 'limay', 'level': 'citymun', 'code': np.int64(30806), 'matched_name': 'LIMAY'}, {'entity': 'orion', 'level': 'citymun', 'code': np.int64(30810), 'matched_name': 'ORION'}, {'entity': 'bagac', 'level': 'citymun', 'code': np.int64(30802), 'matched_name': 'BAGAC'}]",LAGUNA (province); CALAMBA (citymun); Cabuyao (barangay); BAY (citymun); ALAMINOS (citymun); CALAUAN (citymun); BATAAN (province); MARIVELES (citymun); LIMAY (citymun); ORION (citymun); BAGAC (citymun),"['4:15 PM', '25 October 2025', 'Saturday']","['2025-10-25T16:15:00', '2025-10-26T16:15:00', '2025-10-25T00:00:00']",2025-10-25T16:15:00,model_extracted_datetime,"October 25, 2025 16:15:00"
X,dost_pagasa,"Thunderstorm Advisory No. 24 #NCR_PRSD
Issued at: 2:55 PM, 25 October 2025(Saturday)

Moderate to heavy rainshowers with lightning and strong winds are expected over Pampanga(Lubao, Sasmuan, Macabebe, Masantol, Guagua, Minalin, Apalit), Bulacan(Hagonoy, Bulakan, Paombong,",2025-10-25 14:55,2025-10-26 14:36,dost_pagasa,https://x.com/dost_pagasa/status/1981977847507157058,"[{'entity': 'pampanga', 'level': 'province', 'code': np.int64(354), 'matched_name': 'PAMPANGA'}, {'entity': 'lubao', 'level': 'citymun', 'code': np.int64(35408), 'matched_name': 'LUBAO'}, {'entity': 'macabebe', 'level': 'citymun', 'code': np.int64(35410), 'matched_name': 'MACABEBE'}, {'entity': 'masantol', 'level': 'citymun', 'code': np.int64(35412), 'matched_name': 'MASANTOL'}, {'entity': 'guagua', 'level': 'citymun', 'code': np.int64(35407), 'matched_name': 'GUAGUA'}, {'entity': 'minalin', 'level': 'citymun', 'code': np.int64(35414), 'matched_name': 'MINALIN'}, {'entity': 'apalit', 'level': 'citymun', 'code': np.int64(35402), 'matched_name': 'APALIT'}, {'entity': 'bulacan', 'level': 'province', 'code': np.int64(314), 'matched_name': 'BULACAN'}, {'entity': 'hagonoy', 'level': 'citymun', 'code': np.int64(31409), 'matched_name': 'HAGONOY'}, {'entity': 'paombong', 'level': 'citymun', 'code': np.int64(31416), 'matched_name': 'PAOMBONG'}]",PAMPANGA (province); LUBAO (citymun); MACABEBE (citymun); MASANTOL (citymun); GUAGUA (citymun); MINALIN (citymun); APALIT (citymun); BULACAN (province); HAGONOY (citymun); PAOMBONG (citymun),"['2:55 PM', '25 October 2025', 'Saturday']","['2025-10-25T14:55:00', '2025-10-26T14:55:00', '2025-10-25T00:00:00']",2025-10-25T14:55:00,model_extracted_datetime,"October 25, 2025 14:55:00"
X,phivolcs_dost,"#EarthquakePH #EarthquakeSurigaoDelSur
Earthquake Information No.1
Date and Time: 26 October 2025 - 09:03 AM
Magnitude = 2.4
Depth = 022 km
Location = 08.81°N, 126.48°E - 023 km S 59° E of Cagwait (Surigao Del Sur)
earthquake.phivolcs.dost.gov.ph/2025_Earthquak
…",2025-10-26 09:12,2025-10-26 14:36,phivolcs_dost,https://x.com/phivolcs_dost/status/1982254048746361012,"[{'entity': 'surigao del sur', 'level': 'province', 'code': np.int64(1668), 'matched_name': 'SURIGAO DEL SUR'}, {'entity': 'cagwait', 'level': 'citymun', 'code': np.int64(166804), 'matched_name': 'CAGWAIT'}]",SURIGAO DEL SUR (province); CAGWAIT (citymun),"['26 October 2025', '09:03 AM']","['2025-10-26T09:03:00', '2025-10-26T00:00:00']",2025-10-26T09:03:00,model_extracted_datetime,"October 26, 2025 09:03:00"
X,phivolcs_dost,"#EarthquakePH #EarthquakeCebu
Earthquake Information No.1
Date and Time: 26 October 2025 - 08:37 AM
Magnitude = 2.2
Depth = 004 km
Location = 11.10°N, 123.95°E - 007 km N 25° W of City Of Bogo (Cebu)
earthquake.phivolcs.dost.gov.ph/2025_Earthquak
…",2025-10-26 08:48,2025-10-26 14:36,phivolcs_dost,https://x.com/phivolcs_dost/status/1982248011020620188,"[{'entity': 'cebu', 'level': 'province', 'code': np.int64(722), 'matched_name': 'CEBU'}, {'entity': 'city of bogo', 'level': 'citymun', 'code': np.int64(72211), 'matched_name': 'CITY OF BOGO'}]",CEBU (province); CITY OF BOGO (citymun),"['26 October 2025', '08:37 AM']","['2025-10-26T08:37:00', '2025-10-26T00:00:00']",2025-10-26T08:37:00,model_extracted_datetime,"October 26, 2025 08:37:00"
X,phivolcs_dost,"#EarthquakePH #EarthquakeCebu
Earthquake Information No.1
Date and Time: 26 October 2025 - 08:32 AM
Magnitude = 2.2
Depth = 027 km
Location = 11.16°N, 123.97°E - 012 km N 04° W of City Of Bogo (Cebu)
earthquake.phivolcs.dost.gov.ph/2025_Earthquak
…",2025-10-26 08:46,2025-10-26 14:36,phivolcs_dost,https://x.com/phivolcs_dost/status/1982247384710262933,"[{'entity': 'cebu', 'level': 'province', 'code': np.int64(722), 'matched_name': 'CEBU'}, {'entity': 'city of bogo', 'level': 'citymun', 'code': np.int64(72211), 'matched_name': 'CITY OF BOGO'}]",CEBU (province); CITY OF BOGO (citymun),"['26 October 2025', '08:32 AM']","['2025-10-26T08:32:00', '2025-10-26T00:00:00']",2025-10-26T08:32:00,model_extracted_datetime,"October 26, 2025 08:32:00"
X,phivolcs_dost,"#EarthquakePH #EarthquakeDavaoOriental
Earthquake Information No.1
Date and Time: 26 October 2025 - 08:25 AM
Magnitude = 5.3
Depth = 010 km
Location = 06.98°N, 127.33°E - 090 km S 73° E of Manay (Davao Oriental)
earthquake.phivolcs.dost.gov.ph/2025_Earthquak
…",2025-10-26 08:33,2025-10-26 14:36,phivolcs_dost,https://x.com/phivolcs_dost/status/1982244249883287697,"[{'entity': 'davao oriental', 'level': 'province', 'code': np.int64(1125), 'matched_name': 'DAVAO ORIENTAL'}, {'entity': 'manay', 'level': 'citymun', 'code': np.int64(112508), 'matched_name': 'MANAY'}]",DAVAO ORIENTAL (province); MANAY (citymun),"['26 October 2025', '08:25 AM']","['2025-10-26T08:25:00', '2025-10-26T00:00:00']",2025-10-26T08:25:00,model_extracted_datetime,"October 26, 2025 08:25:00"
X,phivolcs_dost,"#EarthquakePH #EarthquakeDavaoOriental
Earthquake Information No.1
Date and Time: 26 October 2025 - 08:22 AM
Magnitude = 3.1
Depth = 026 km
Location = 06.80°N, 126.30°E - 019 km S 27° E of City Of Mati (Davao Oriental)
earthquake.phivolcs.dost.gov.ph/2025_Earthquak
…",2025-10-26 08:33,2025-10-26 14:36,phivolcs_dost,https://x.com/phivolcs_dost/status/1982244116890259810,"[{'entity': 'davao oriental', 'level': 'province', 'code': np.int64(1125), 'matched_name': 'DAVAO ORIENTAL'}, {'entity': 'city of mati', 'level': 'citymun', 'code': np.int64(112509), 'matched_name': 'CITY OF MATI (Capital)'}]",DAVAO ORIENTAL (province); CITY OF MATI (Capital) (citymun),"['26 October 2025', '08:22 AM']","['2025-10-26T08:22:00', '2025-10-26T00:00:00']",2025-10-26T08:22:00,model_extracted_datetime,"October 26, 2025 08:22:00"
