source,query_page,text,post_timestamp,scraped_timestamp,user,post_url,location_raw,location
Facebook,civildefensedavao,"Thunderstorm Advisory No. 4   Issued at 08:30 PM 27 October 2025 Light to Moderate rainshowers with lightning and strong winds are expected over #ZamboangaSibugay(Payao, Talusan, Olutanga, Alicia), #SultanKudarat(Lebak), #MaguindanaoDelSur(SouthUpi, Ampatuan, DatuHofferAmpatuan, ShariffAguak), #ZamboangaDelNorte(Labason, Liloy), #DavaoOccidental(JoseAbadSantos), #LanaoDelSur(Picong, Calanogas, Malabang, Pagayawan, Pualas, Marogong) and #LanaoDelNorte(Nunungan) within the next 1-2 hours. Moderate to occasionally heavy rainshowers with lightning and strong winds are being experienced in #ZamboangaDelSur(Margosatubig, VincenzoA.Sagun, Dimataling, Pitogo, Tabina) and #DavaoOccidental(Sarangani) which may persist within 1-2 hours and may affect nearby areas. All are advised to take precautionary measures against the impacts associated with these hazards which include flash floods and landslides. Keep monitoring for updates. Source: Mindanao PRSD Thunderstorm Advisory No. 4",Unknown,2025-10-27 21:27,Unknown,https://web.facebook.com/civildefensedavao/posts/pfbid02G6s5LX6hSD9HnKPnVzcH3UG3v8x9qiPYZyHmaoJ7BvkLEMk1xdH41R3Y872Gtcual?__cft__[0]=AZXTQrBN8AXoGTNbUFZtPbZBD_IV6HCzKCAVAcMX4z76rMjbFeF0ERbDHNUeVcO3lP3GOBjI65R44ztTfbvfxBJiHZYa-wg4zD6BkST_E96LHZ_NV--yzowEHSQBQryW0BNtuQuPdK4-puEetgrewV4aMMUI66vaJ4INrS064ioACgHtppFY4vOzl3ERo5lrcWs&__tn__=%2CO%2CP-R,"[{'entity': 'zamboanga sibugay', 'level': 'province', 'code': np.int64(983), 'matched_name': 'ZAMBOANGA SIBUGAY'}, {'entity': 'payao', 'level': 'citymun', 'code': np.int64(98311), 'matched_name': 'PAYAO'}, {'entity': 'talusan', 'level': 'citymun', 'code': np.int64(98314), 'matched_name': 'TALUSAN'}, {'entity': 'olutanga', 'level': 'citymun', 'code': np.int64(98310), 'matched_name': 'OLUTANGA'}, {'entity': 'alicia', 'level': 'citymun', 'code': np.int64(23101), 'matched_name': 'ALICIA'}, {'entity': 'sultan kudarat', 'level': 'province', 'code': np.int64(1265), 'matched_name': 'SULTAN KUDARAT'}, {'entity': 'lebak', 'level': 'citymun', 'code': np.int64(126506), 'matched_name': 'LEBAK'}, {'entity': 'ampatuan', 'level': 'citymun', 'code': np.int64(153801), 'matched_name': 'AMPATUAN'}, {'entity': 'zamboanga del norte', 'level': 'province', 'code': np.int64(972), 'matched_name': 'ZAMBOANGA DEL NORTE'}, {'entity': 'labason', 'level': 'citymun', 'code': np.int64(97205), 'matched_name': 'LABASON'}, {'entity': 'liloy', 'level': 'citymun', 'code': np.int64(97206), 'matched_name': 'LILOY'}, {'entity': 'davao occidental', 'level': 'province', 'code': np.int64(1186), 'matched_name': 'DAVAO OCCIDENTAL'}, {'entity': 'lanao del sur', 'level': 'province', 'code': np.int64(1536), 'matched_name': 'LANAO DEL SUR'}, {'entity': 'picong', 'level': 'citymun', 'code': np.int64(153635), 'matched_name': 'PICONG (SULTAN GUMANDER)'}, {'entity': 'calanogas', 'level': 'citymun', 'code': np.int64(153632), 'matched_name': 'CALANOGAS'}, {'entity': 'malabang', 'level': 'citymun', 'code': np.int64(153615), 'matched_name': 'MALABANG'}, {'entity': 'pagayawan', 'level': 'citymun', 'code': np.int64(153620), 'matched_name': 'PAGAYAWAN (TATARIKAN)'}, {'entity': 'pualas', 'level': 'citymun', 'code': np.int64(153623), 'matched_name': 'PUALAS'}, {'entity': 'marogong', 'level': 'citymun', 'code': np.int64(153631), 'matched_name': 'MAROGONG'}, {'entity': 'lanao del norte', 'level': 'province', 'code': np.int64(1035), 'matched_name': 'LANAO DEL NORTE'}, {'entity': 'nunungan', 'level': 'citymun', 'code': np.int64(103515), 'matched_name': 'NUNUNGAN'}, {'entity': 'zamboanga del sur', 'level': 'province', 'code': np.int64(973), 'matched_name': 'ZAMBOANGA DEL SUR'}, {'entity': 'dimataling', 'level': 'citymun', 'code': np.int64(97305), 'matched_name': 'DIMATALING'}, {'entity': 'pitogo', 'level': 'citymun', 'code': np.int64(45634), 'matched_name': 'PITOGO'}, {'entity': 'tabina', 'level': 'citymun', 'code': np.int64(97327), 'matched_name': 'TABINA'}, {'entity': 'sarangani', 'level': 'province', 'code': np.int64(1280), 'matched_name': 'SARANGANI'}, {'entity': 'mindanao', 'level': 'island_group', 'code': None, 'matched_name': 'mindanao'}]",ZAMBOANGA SIBUGAY (province); PAYAO (citymun); TALUSAN (citymun); OLUTANGA (citymun); ALICIA (citymun); SULTAN KUDARAT (province); LEBAK (citymun); AMPATUAN (citymun); ZAMBOANGA DEL NORTE (province); LABASON (citymun); LILOY (citymun); DAVAO OCCIDENTAL (province); LANAO DEL SUR (province); PICONG (SULTAN GUMANDER) (citymun); CALANOGAS (citymun); MALABANG (citymun); PAGAYAWAN (TATARIKAN) (citymun); PUALAS (citymun); MAROGONG (citymun); LANAO DEL NORTE (province); NUNUNGAN (citymun); ZAMBOANGA DEL SUR (province); DIMATALING (citymun); PITOGO (citymun); TABINA (citymun); SARANGANI (province); mindanao (island_group)
Facebook,PHIVOLCS,"#EarthquakePH #EarthquakeSurigaoDelSur Earthquake Information No.1 Date and Time: 27 October 2025 - 08:49 PM Magnitude = 2.0 Depth = 019 km Location = 08.84°N, 126.43°E - 016 km S 58° E of Cagwait (Surigao Del Sur) https://earthquake.phivolcs.dost.gov.ph/.../2025_1027... #EarthquakePH #EarthquakeSurigaoDelSur",Unknown,2025-10-27 21:27,Unknown,https://web.facebook.com/PHIVOLCS/posts/pfbid0MF1Ts2RbKKG87gbBfBxS95zgeLG42HMfJXHeTbPNXLLfFqvLREpcxwrr5Swxdnkil?__cft__[0]=AZWHWJ4dS8d37ywQDLxZad6rPCWqAwa5_iirOIdtmlqzUw1MAFBvZU0hMpE31GgLs8MkPLeLYpKkYSpZ8GNV-xbvORb8lDEKuqlqc9FIfXpkCqShEqDUSDFjmygF72Nzp2HzFtcqN6AqJiD553w9_y82_I1Vgr45jQcux6j4fwWbftXCgUTS3yv4a-sTIEFaYac&__tn__=%2CO%2CP-R,"[{'entity': 'surigao del sur', 'level': 'province', 'code': np.int64(1668), 'matched_name': 'SURIGAO DEL SUR'}, {'entity': 'cagwait', 'level': 'citymun', 'code': np.int64(166804), 'matched_name': 'CAGWAIT'}]",SURIGAO DEL SUR (province); CAGWAIT (citymun)
Facebook,#BahaPH,"Grabi yung mga Nangyayari sa bansa natin, Ninakawan na nga tayo ng mga Contractor, Congressman, Senador at iba pang Ahensya tapos may mga mangyayari pa na ganito.  Luzon - BAHA Visayas - LINDOL Mindanao - SUNOG Ipagdasal natin yung mga kababayan natin na apektado ng mga sakuna. At ipagdasal natin na ang bansa natin na magkaroon ng pagbabago.   #Luzon #Visayas #Mindanao #FloodControlProjects #BahaPH #LindolPH #SunogPH #AntiCorruptionProtest #AntiCorruptionMovement #PilipinasToday Grabi yung mga Nangyayari sa bansa natin, Ninakawan na nga tayo ng mga Contractor, Congressman, Senador at iba pang Ahensya tapos may mga mangyayari pa na ganito.",Unknown,2025-10-27 21:27,Unknown,https://web.facebook.com/ciao.channel.2025/posts/pfbid0CEDiNrWTDEYxCDNtb41N9h6ZwjMzHqquLdAjk3fzXEKxuwcPCCHM5Gbsru2BM2Frl?__cft__[0]=AZWPFUBrBhHuqThoYMCqTv-QZlM9gRFdnDG_28L04lCshIUPTu3B0dCMu_ImkyY1zryU4ek-vYUEG3esNGNGLxUwW08KEkOHQLeIT_snkcOmMa681hHcWMBwFoBn9uc9acs9tpHmw9Riik5duk_9_K8MelT-HsZhIDjDMEZd5fCusRO9kSFx7DElvpj3Urlcy-I&__tn__=%2CO%2CP-R,"[{'entity': 'luzon', 'level': 'island_group', 'code': None, 'matched_name': 'luzon'}]",luzon (island_group)
Facebook,#EarthquakeAlert,"MANAY, DAVAO ORIENTAL EARTHQUAKE ALERT!  Earthquake Information No.1 Date and Time: 18 October 2025 - 01:26 PM Magnitude = 4.6 Depth = 014 km Location = 06.72°N, 127.65°E - 134 km S 66° E of Manay (Davao Oriental) Keep Safe mga ka-update! Be updated and follow us, Panabo Updates!  SOURCE: PHIVOLCS #panaboupdates #linog #linogravure #LindolPH #lindol  #EarthquakePH #EarthquakeAlert  #EarthquakeDavaoOriental #fypシ #trendingreel #LatestNews #nowyouknow #newsupdate2025 MANAY, DAVAO ORIENTAL EARTHQUAKE ALERT!",Unknown,2025-10-27 21:27,Unknown,https://web.facebook.com/hashtag/EarthquakeAlert?_rdc=1&_rdr#,"[{'entity': 'manay', 'level': 'citymun', 'code': np.int64(112508), 'matched_name': 'MANAY'}, {'entity': 'davao oriental', 'level': 'province', 'code': np.int64(1125), 'matched_name': 'DAVAO ORIENTAL'}]",MANAY (citymun); DAVAO ORIENTAL (province)
Facebook,#EarthquakePH,"#EarthquakePH #EarthquakeIloilo Earthquake Information No.1 Date and Time: 02 October 2025 - 01:36 AM Magnitude = 1.7 Depth = 074 km Location = 11.44°N, 123.37°E - 024 km S 85° E of Estancia (Iloilo) #EarthquakePH #EarthquakeIloilo",Unknown,2025-10-27 21:27,Unknown,https://web.facebook.com/PHIVOLCS/posts/pfbid02x97DJ3nNHZ2hGhyRtwePvff5tNL7zqXzjMJqPNdnJ2vtxXyo1sm3rSnMHWd5uEnyl?__cft__[0]=AZWZMBAcTHUjU0ZgyvUklycqogtZGaCBjBvzbbZF-0oP2gOX_zoeyHiieTjdioyKbtDXo0d26TjOLM8CdRHjcowWFUnLrphq5oFJOULAsJNFwiSQJWM9G3qnnHiRl8xV9K2sGw_DiHA7uUuq5fzu4VqUAfOfIfe01i9lBEdY6tM7SauUdAhIawG2r0OUyRJaBMk&__tn__=%2CO%2CP-R,"[{'entity': 'estancia', 'level': 'citymun', 'code': np.int64(63019), 'matched_name': 'ESTANCIA'}, {'entity': 'iloilo', 'level': 'province', 'code': np.int64(630), 'matched_name': 'ILOILO'}]",ESTANCIA (citymun); ILOILO (province)
Facebook,#FireAlert,"𝗘𝗔𝗥𝗟𝗜𝗘𝗥 | Nasunog ang usa ka restaurant nga Balik Bukid Farm and Kitchen sa may Quimpo Boulevard, Ecoland, Davao City pasado alas-8 sa buntag, Oktubre 27, 2025. Lakip sa nadamay ang usa ka bodega sa construction materials sa likod nga bahin. Nakontrola na sab sa mga kabomberohan ang maong sunog diin padayun ang imbestigasyon sa Bureau of Fire Protection (BFP) sa insidente. #FireAlert #Restaurant #QuimpoBoulevard #DavaoCity #DavaoUpdates  |   screengrab from Lonie Lonie Lonie, Wang Love 𝗘𝗔𝗥𝗟𝗜𝗘𝗥 | Nasunog ang usa ka restaurant nga Balik Bukid Farm and Kitchen sa may Quimpo Boulevard, Ecoland, Davao City pasado alas-8 sa buntag, Oktubre 27, 2025.",Unknown,2025-10-27 21:27,Unknown,https://web.facebook.com/DavaoDevUpdates/posts/pfbid02EyLb69u2FYMujAayf584BGXAhopm9uQWcTudXv35XTQR12vrSy2uP6TG2ppCuomBl?__cft__[0]=AZU_eQEMWMAs9YsqNs0CekoeDiX-yrMByCsFAmLyPgvZ0VrK-e6pja3gwH6C3H4x4eMojU1aCA5h0Ox3HWWMmpyo_Omwc9knPXuVINOPJ7ZYc0h0d5GJg3ZObEU1oHG_r4Xd-GOUmnRlr06Q4yqentoFgyb4Llvezj8iHhV3EByNLQ2n6vOF4N-AmfXMAYC-Owc&__tn__=%2CO%2CP-R,"[{'entity': 'davao city', 'level': 'citymun', 'code': np.int64(112402), 'matched_name': 'DAVAO CITY'}]",DAVAO CITY (citymun)
Facebook,#LandslideAlert,"5-MONTHS-OLD BABY BOY, NASAWI SA LANDSLIDE SA DAVAO CITY  Maghapon na niyakap nalang ng ina na si Merlyn Andoy ang kanyang nasawi na 5-months-old na baby na si Kyle Layuran matapos itong matabunan ng gumuhong lupa sa isang landslide sa Sitio Mundohill, Brgy. Marilog, Davao City kaninang alas 9:00 ng umaga, Mayo 8, 2025.  Ayon sa ulat, diuyan pa ng kanyang lola ang bata sa loob ng bahay nang mangyari ang insidente, kung saan natabunan ang bahay nito kabilang ang biktimang bata. Nagtamo rin ng mga sugat ang mga nakatira sa nasabing bahay dahil sa insidente. I  : XFM Davao  #LandslideAlert #DavaoCity #cttocredittotherightfulowner  #cttophotonotmine  #ctto 5-MONTHS-OLD BABY BOY, NASAWI SA LANDSLIDE SA DAVAO CITY",Unknown,2025-10-27 21:27,Unknown,https://web.facebook.com/annj.lin.1/posts/pfbid036hFRNmYVsP3SH3KZqfbMzEWEgZjyPjqGJ84ASFrY5EwbszvgecNsKypZkiuZe7agl?__cft__[0]=AZWfya0bEHrvRqkmecGGZWlbxCYzAyIiNziklXxSwHGreOMGqsz4c1UKVuafPtTi9UCDywQmmdDEzkyuHCxgkYIvPJuiRye1OawVMNIaeT28dWix7TWP6ttnwY3VXMTe91yfR1fB-HrJiETWrSltvnvl68H99SbHt-q4wSTArgnqZg&__tn__=%2CO%2CP-R,"[{'entity': 'davao city', 'level': 'citymun', 'code': np.int64(112402), 'matched_name': 'DAVAO CITY'}, {'entity': 'brgy. marilog', 'level': 'barangay', 'code': np.int64(112402073), 'matched_name': 'Marilog'}]",DAVAO CITY (citymun); Marilog (barangay)
Facebook,#LandslidePH,"A landslide occurred at 12:30 AM in San Ramon, San Ricardo, Southern Leyte, on July 13, 2025, resulting in one person missing and one injured.  The incident took place in Barangay San Ramon, a village located 40 kilometers from the town proper.According to reports the landslide was triggered by prolonged heavy rains.  The missing person was identified as Dador Moscosa, a foreman for 888 ACY Construction, the company working on a viaduct project in the area.  #SanRicardoLandslide #SouthernLeyteAlert #LeyteLandslide #LandslidePH #PHWeatherAlert ctto A landslide occurred at 12:30 AM in San Ramon, San Ricardo, Southern Leyte, on July 13, 2025, resulting in one person missing and one injured.",Unknown,2025-10-27 21:27,Unknown,https://web.facebook.com/DavaoCityResponder/posts/pfbid0rFpxwAmvQHyTKEPxFYDwMDvmnGVzQRZtPNm366xCG8CCndYfaszocZksCYtWjM2Dl?__cft__[0]=AZW6kOJRAO9eRtXKSsGlbU8oBRKSCSbTWRYfACUvm1kL823Juf0XsS3jjcHeRBVETJlilo2DWv2cyK1miobljlG4TowsGM4Rs1v-STL5Oy-Tgu_g3_lFLQK-kjRZjFqF5VdDoYLbPW0mGre2-m634sDHk8CELbvGdBUE3IdwlkSJqOfYnzm9lV8w3jbbZ8Gy0Nw&__tn__=%2CO%2CP-R,"[{'entity': 'san ramon', 'level': 'barangay', 'code': np.int64(12823052), 'matched_name': 'San Ramon (Pob.)'}, {'entity': 'san ricardo', 'level': 'citymun', 'code': np.int64(86415), 'matched_name': 'SAN RICARDO'}, {'entity': 'southern leyte', 'level': 'province', 'code': np.int64(864), 'matched_name': 'SOUTHERN LEYTE'}]",San Ramon (Pob.) (barangay); SAN RICARDO (citymun); SOUTHERN LEYTE (province)
Facebook,#StreetFloodAlert,"QUEZON CITY ALERT  Grabe ang buhos ng ulan ngayon sa QC!Partikular sa Masaya St., Maginhawa, at kanto ng Commonwealth — tuloy-tuloy ang malakas na ulan.",Unknown,2025-10-27 21:27,Unknown,https://web.facebook.com/hashtag/StreetFloodAlert?_rdc=1&_rdr#,"[{'entity': 'quezon city', 'level': 'citymun', 'code': np.int64(23122), 'matched_name': 'QUEZON'}, {'entity': 'masaya st.', 'level': 'barangay', 'code': np.int64(41021021), 'matched_name': 'Masaya'}, {'entity': 'maginhawa', 'level': 'barangay', 'code': np.int64(175104014), 'matched_name': 'Maginhawa (Pob.)'}]",QUEZON (citymun); Masaya (barangay); Maginhawa (Pob.) (barangay)
Facebook,#tsunamialert,"BREAKING TSUNAMI ALERT | NDRRMC UPDATE (11:36 AM, Oct 10, 2025)   Official advisory: “There is a tsunami threat. Stay away from the coastal areas of Davao Oriental or evacuate to higher ground.” Mga Ka-MP ug Ka-DDS  , ayaw mo duol sa baybayon! Kung naa mo sa coastal area, lumikas dayon sa mas taas nga lugar. Dili ni drill, dili ni warning lang — real advisory kini gikan sa NDRRMC.  Mag-ampo ta para sa kaluwasan sa tanan taga-Mindanao. Amping tanan, ug ayaw kalimot magdala ug tubig, flashlight, ug emergency kit kung mobiya. #MPStyle #KaMP #RealTimeUpdate #PrayForMindanao #DavaoOriental #TsunamiAlert BREAKING TSUNAMI ALERT | NDRRMC UPDATE (11:36 AM, Oct 10, 2025)",Unknown,2025-10-27 21:27,Unknown,https://web.facebook.com/hashtag/tsunamialert?_rdc=1&_rdr#,"[{'entity': 'davao oriental', 'level': 'province', 'code': np.int64(1125), 'matched_name': 'DAVAO ORIENTAL'}, {'entity': 'mindanao', 'level': 'island_group', 'code': None, 'matched_name': 'mindanao'}]",DAVAO ORIENTAL (province); mindanao (island_group)
X,phivolcs_dost,"#EarthquakePH #EarthquakeDavaoOriental
Earthquake Information No.1
Date and Time: 27 October 2025 - 05:57 PM
Magnitude = 2.4
Depth = 050 km
Location = 06.88°N, 127.27°E - 089 km S 66° E of Manay (Davao Oriental)
earthquake.phivolcs.dost.gov.ph/2025_Earthquak
…",2025-10-27 18:09,2025-10-27 21:35,phivolcs_dost,https://x.com/phivolcs_dost/status/1982751537173876765,"[{'entity': 'davao oriental', 'level': 'province', 'code': np.int64(1125), 'matched_name': 'DAVAO ORIENTAL'}, {'entity': 'manay', 'level': 'citymun', 'code': np.int64(112508), 'matched_name': 'MANAY'}]",DAVAO ORIENTAL (province); MANAY (citymun)
X,phivolcs_dost,"#EarthquakePH #EarthquakeSurigaoDelNorte
Earthquake Information No.1
Date and Time: 27 October 2025 - 05:23 PM
Magnitude = 1.8
Depth = 003 km
Location = 09.56°N, 125.91°E - 009 km S 43° W of Socorro (Surigao Del Norte)
earthquake.phivolcs.dost.gov.ph/2025_Earthquak
…",2025-10-27 17:35,2025-10-27 21:35,phivolcs_dost,https://x.com/phivolcs_dost/status/1982742983268282453,"[{'entity': 'surigao del norte', 'level': 'province', 'code': np.int64(1667), 'matched_name': 'SURIGAO DEL NORTE'}, {'entity': 'socorro', 'level': 'citymun', 'code': np.int64(175214), 'matched_name': 'SOCORRO'}]",SURIGAO DEL NORTE (province); SOCORRO (citymun)
X,phivolcs_dost,"#EarthquakePH #EarthquakeCebu
Earthquake Information No.1
Date and Time: 27 October 2025 - 05:03 PM
Magnitude = 2.8
Depth = 001 km
Location = 11.01°N, 123.99°E - 004 km S 10° E of City Of Bogo (Cebu)
earthquake.phivolcs.dost.gov.ph/2025_Earthquak
…",2025-10-27 17:13,2025-10-27 21:35,phivolcs_dost,https://x.com/phivolcs_dost/status/1982737340859912324,"[{'entity': 'cebu', 'level': 'province', 'code': np.int64(722), 'matched_name': 'CEBU'}, {'entity': 'city of bogo', 'level': 'citymun', 'code': np.int64(72211), 'matched_name': 'CITY OF BOGO'}]",CEBU (province); CITY OF BOGO (citymun)
X,phivolcs_dost,"#EarthquakePH #EarthquakeDavaoOriental
Earthquake Information No.1
Date and Time: 27 October 2025 - 04:38 PM
Magnitude = 2.6
Depth = 033 km
Location = 07.22°N, 126.98°E - 048 km N 89° E of Manay (Davao Oriental)
earthquake.phivolcs.dost.gov.ph/2025_Earthquak
…",2025-10-27 16:52,2025-10-27 21:35,phivolcs_dost,https://x.com/phivolcs_dost/status/1982732026110443970,"[{'entity': 'davao oriental', 'level': 'province', 'code': np.int64(1125), 'matched_name': 'DAVAO ORIENTAL'}, {'entity': 'manay', 'level': 'citymun', 'code': np.int64(112508), 'matched_name': 'MANAY'}]",DAVAO ORIENTAL (province); MANAY (citymun)
X,phivolcs_dost,"#EarthquakePH #EarthquakeCebu
Earthquake Information No.1
Date and Time: 27 October 2025 - 04:35 PM
Magnitude = 2.4
Depth = 009 km
Location = 11.19°N, 124.08°E - 019 km N 35° E of City Of Bogo (Cebu)
earthquake.phivolcs.dost.gov.ph/2025_Earthquak
…",2025-10-27 16:43,2025-10-27 21:35,phivolcs_dost,https://x.com/phivolcs_dost/status/1982729771223241023,"[{'entity': 'cebu', 'level': 'province', 'code': np.int64(722), 'matched_name': 'CEBU'}, {'entity': 'city of bogo', 'level': 'citymun', 'code': np.int64(72211), 'matched_name': 'CITY OF BOGO'}]",CEBU (province); CITY OF BOGO (citymun)
