Source,Query/Page,Text,Post Timestamp,Scraped Timestamp,User,Post URL
Page,abscbnNEWS,"#DantePH Update (as of 5 p.m., 22 July 2025)
The low pressure area east of Aurora developed into tropical depression Dante.
Dante is not seen to make landfall but will enhance the southwest monsoon or habagat through Friday, July 25.
No wind signals are expected to be hoisted.
The enhanced habagat will bring significant rainfall over Luzon and some parts of Visayas.
Up to torrential rains may be expected over Pangasinan, Zambales, Bataan, Cavite, Batangas, Occidental Mindoro, and Metro Manila.
Serious threats of flooding and landslides remain.
Dante was spotted 1,130 km east of Northern Luzon at 4 p.m. Tuesday, with winds of 45 kph and gusts up to 55 kph. It is moving north northwestward at 20 kph.
The disturbance will intensify up to tropical storm strength while moving northwestward over the Philippine Sea.
It may exit the Philippine area of responsibility late Thursday or early Friday.
Meanwhile, the low pressure area near Batanes may either merge with the broader circulation of Dante or cross Extreme Northern Luzon towards the northern West Philippine Sea. #WeatherPatrol | via Ariel Rojas, ABS-CBN News",Unknown,,,https://www.facebook.com/abscbnNEWS
Page,gmanews,Nadaraanan na ng mga motorista ang ilang bahagi ng NLEX matapos itong bahain at hindi madaanan kahapon.,Unknown,,,https://www.facebook.com/gmanews
Page,manilabulletin,"The Armed Forces of the Philippines (AFP) on Tuesday, July 22, responded to public inquiries regarding its visibility during the recent onslaught of heavy rains and flooding caused by the Tropical Storm “Crising” and southwest monsoon (habagat).",Unknown,,,https://www.facebook.com/ManilaBulletin/
Page,sunstarphilippines,"Lorainne Powao received a signed chessboard and certificate at the Russian Consulate in Cebu, recognizing her standout performance in the April 18 chess event.",Unknown,,,https://www.facebook.com/SunStarPhilippines/
Page,PhilstarNews,"FLOOD IN RIZAL
Residents of Cainta, Rizal wade through the flood caused by the southwest monsoon (""habagat"") on July 22, 2025.
 Reuters / Eloisa Lopez",Unknown,,,https://www.facebook.com/philstarnews/
Page,pagasa.dost.gov.ph,"TROPICAL CYCLONE BULLETIN NR. 1
Tropical Depression #DantePH
Issued at 5:00 PM, 22 July 2025
Valid for broadcast until the next bulletin at 11:00 PM today.
THE LOW PRESSURE AREA EAST OF AURORA DEVELOPED INTO TROPICAL DEPRESSION “DANTE”
• Location of Center (4:00 PM):
The center of Tropical Depression DANTE was estimated based on all available data at 1,115 km East Northeast of Central Luzon or 1,130 km East of Northern Luzon (18.3°N, 132.4°E).
• Intensity:
Maximum su stained winds of 45 km/h near the center, gustiness of up to 55 km/h, and central pressure of 1000 hPa
• Present Movement:
North northwestward at 20 km/h
• Extent of Tropical Cyclone Winds:
Strong winds extend outwards up to 220 km from the center
TROPICAL CYCLONE WIND SIGNALS (TCWS) IN EFFECT
• No Wind Signal currently hoisted.
OTHER HAZARDS AFFECTING LAND AREAS
• Heavy Rainfall Outlook
Refer to Weather Advisory No. 29 issued at 5:00 PM today for the heavy rainfall outlook due to the Southwest Monsoon enhanced by DANTE, the Low Pressure Area east of Batanes, and Tropical Cyclone WIPHA over Vietnam
• Severe Winds
The enhanced Southwest Monsoon will bring strong to gale-force gusts over the following areas (especially in coastal and upland areas exposed to winds):
• Today: Zambales, Bataan, Metro Manila, CALABARZON, MIMAROPA, Visayas, and Dinagat Islands
• Tomorrow (23 July): Ilocos Region, Zambales, Bataan, Bulacan, Metro Manila, CALABARZON, MIMAROPA, Visayas, Zamboanga del Norte, Misamis Occidental, Lanao del Norte, Camiguin, and Dinagat Islands.
• Friday (18 July): Ilocos Region, Abra, Benguet, Central Luzon, Metro Manila, CALABARZON, MIMAROPA, Visayas, Zamboanga del Norte, Misamis Occidental, Lanao del Norte Camiguin, and Dinagat Islands.
HAZARDS AFFECTING COASTAL WATERS
• 24-Hour Sea Condition Outlook
Up to rough seas over the following coastal waters:
• Up to 3.0 m: The seaboards of Batanes and Kalayaan Islands; the western seaboards of Zambales, Bataan, Lubang Island, Occidental Mindoro, and Calamian Islands.
• Mariners of small seacrafts, including all types of motorbancas, are advised not to venture out to sea under these conditions, especially if inexperienced or operating ill-equipped vessels.
Up to moderate seas over the following coastal waters:
• Up to 2.5 m: The seaboards of Babuyan Island and Ilocos Region; the southern seaboard of Bataan; the western seaboards of Cavite, Batangas, and Palawan.
• Up to 2.0 m: The seaboards of Camarines Norte, Oriental Mindoro, Marinduque, and Romblon; the northern and eastern seaboards of Catanduanes and Northern Samar; the eastern seaboards of Albay, Sorsogon and Davao Oriental; the western seaboard of Masbate; the southern seaboard of Quezon; the  remaining seaboard of Batangas and Occidental Mindoro; the northern seaboard of Camarines Sur.
• Mariners of motorbancas and similarly-sized vessels are advised to take precautionary measures while venturing out to sea and, if possible, avoid navigation under these conditions.
TRACK AND INTENSITY OUTLOOK
• DANTE is forecast to move northward or north northwestward over the Philippine Sea from tonight to tomorrow (23 July), before turning northwestward towards the Ryukyu Islands and the East China Sea. On the track forecast, DANTE may exit the Philippine Area of Responsibility (PAR) on Thursday (24 July) or on Friday (25 July).
• DANTE may reach tropical storm category tomorrow. Further intensification into a severe tropical storm remains less likely but is not ruled out.
Considering these developments, the public and disaster risk reduction and management offices concerned are advised to take all necessary measures to protect life and property. Persons living in areas identified to be highly or very highly susceptible to these hazards are advised to follow evacuation and other instructions from local officials. For heavy rainfall warnings, thunderstorm/rainfall advisories, and other severe weather information specific to your area, please monitor products issued by your local PAGASA Regional Services Division.
The next tropical cyclone bulletin will be issued at 11:00 PM today.
DOST-PAGASA",Unknown,,,https://www.facebook.com/PAGASA.DOST.GOV.PH/
Page,NDRRMC,"Maging Alerto, mga lalawigan ng #MetroManila, #Rizal, at #Cavite!
NDRRMC(5:10PM,22Jul25) Orange Rainfall Warning sa Metro Manila, Rizal at Cavite. Nagbabanta ang matinding pag-ulan, pagbaha at pagguho ng lupa.
#NDRRMC #HeavyRainfall
#BawatSegundoMahalaga",Unknown,,,https://www.facebook.com/NDRRMC
Page,UNTVNewsRescue,"Panoorin ang mga napapanahong balita sa Ito Ang Balita, ngayon!
Subscribe to our official YouTube channel, https://bit.ly/2ImmXOi
Be the first to know about the latest updates on local and global issues, news and current affairs, 911-UNTV Rescue and public services.
We Serve the People. We Give Glory To God!
#UNTV #UNTVNewsandRescue 
For updates, visit: https://www.untvweb.com/news/
Check out our official social media accounts:
https://www.facebook.com/UNTVNewsRescue
https://www.twitter.com/untvnewsrescue
https://www.youtube.com/untvnewsandrescue
https://www.tiktok.com/@untvnewsandrescue/
Instagram account - @untvnewsrescue
Feel free to share but do not re-upload.",Unknown,,,https://www.facebook.com/UNTVNewsRescue
Page,abscbnNEWS,"The EDCA sites will serve as staging areas for prepositioning rescue equipment and consolidating relief goods. | via ANC 24/7  
Link to full story in the comments section.",Unknown,2025-07-22 18:02,,https://www.facebook.com/abscbnNEWS
Page,gmanews,"Dingdong Dantes stars in an important video of the National Disaster Risk Reduction and Management Council (NDRRMC) about the essential flood recovery checklist.
Read more:
https://www.gmanetwork.com/.../dingdong-dantes-is.../story/",Unknown,2025-07-22 18:02,,https://www.facebook.com/gmanews
Page,PhilstarNews,"STAY SAFE AND DRY! 
PAGASA raised an Orange Rainfall Warning over Zambales, Bataan, Metro Manila, Rizal, Cavite, Pampanga, Laguna and portions of Batangas, Tarlac and Bulacan as of 5 p.m., Tuesday, as intense southwest monsoon rains continued to pour.
A Yellow Warning was also raised over Metro Manila, Bulacan, Rizal, Cavite, Batangas, Laguna and Tarlac.
Meanwhile, light to moderate rains with occasional heavy downpours are also affecting Nueva Ecija and Quezon.",Unknown,2025-07-22 18:02,,https://www.facebook.com/philstarnews/
Page,pagasa.dost.gov.ph,"Flood Bulletin #10 for NCR/Tullahan River Basin
Issued at 6PM, 22 July 2025",Unknown,2025-07-22 18:02,,https://www.facebook.com/PAGASA.DOST.GOV.PH/
Page,NDRRMC,"Press Briefing -Tropical Depression Dante at 5PM | July 22, 2025 - Tuesday
DOST-PAGASA  Asst. Weather Services Chief: Chris Perez
#weatherreport  #dostpagasa 
#TropicalCycloneUpdate
#DantePH",Unknown,2025-07-22 18:02,,https://www.facebook.com/NDRRMC
Page,UNTVNewsRescue,"Sanay nang lumikas ang ilang residente ng Tondo at iba pang bahagi ng Maynila sa tuwing may matinding pag-ulan. 
Bagama’t handa ang lokal na pamahalaan sa pagtanggap ng mga evacuee, kailangan pa rin ng karagdagang pondo. Kaya’t pinag-iisipan na ng lungsod ang pagdedeklara ng state of calamity.",Unknown,2025-07-22 18:02,,https://www.facebook.com/UNTVNewsRescue
Page,DavaoDRRMO,"𝐂𝐃𝐑𝐑𝐌𝐎-𝐎𝐏𝐂𝐄𝐍 𝐖𝐄𝐀𝐓𝐇𝐄𝐑 𝐔𝐏𝐃𝐀𝐓𝐄:
As of 05:57 PM | July 22, 2025
𝐖𝐞𝐚𝐭𝐡𝐞𝐫 𝐒𝐲𝐬𝐭𝐞𝐦: 𝙎𝙤𝙪𝙩𝙝𝙬𝙚𝙨𝙩 𝙈𝙤𝙣𝙨𝙤𝙤𝙣
Areas within Davao City are experiencing cloudy weather conditions.
All river channels are monitored at 𝐂𝐎𝐃𝐄 𝐆𝐑𝐄𝐄𝐍 (𝘚𝘢𝘧𝘦 𝘓𝘦𝘷𝘦𝘭).
𝐂𝐎𝐀𝐒𝐓𝐀𝐋 𝐒𝐓𝐀𝐓𝐔𝐒:
> Calm seas
> Going low tide
#𝗪𝗲𝗮𝘁𝗵𝗲𝗿𝗨𝗽𝗱𝗮𝘁𝗲
#𝗗𝗮𝘃𝗮𝗼𝗖𝗶𝘁𝘆𝗗𝗥𝗥𝗠𝗢",Unknown,2025-07-22 18:02,,https://www.facebook.com/DavaoDRRMO
Page,profile.php?id=61568208630146,"BAHA UPDATE | BAGONG SILANGAN, QC
 Around 1PM | 68 Veterans, Barangay Bagong Silangan, Quezon City
Hanggang bewang na ang baha sa lugar kahit hindi malakas ang ulan.
Matagal na rin pero hindi pa rin humuhupa ang tubig.
 Walang mga batang naglalaro sa lansangan — tahimik pero lubog ang paligid.
 “Kahit hindi malakas ang ulan, baha pa rin. Sana maagapan.”
 Stay safe po sa mga residente ng Bagong Silangan.
I-monitor lagi ang lagay ng panahon at iwasan ang paglusong sa baha.
 Thank you for watching!
—
#BagongSilanganUpdate #QuezonCityFlood #BahaPH #RealTimeUlan #UlanWatch #StreetFloodAlert #CommuteChronicles #WeatherUpdatePH #TagUlanSeason #BasangBasaSaUlan",Unknown,2025-07-22 18:02,,https://www.facebook.com/people/Weather-Update-Today-Philippines/61568208630146/
Page,rapplerdotcom,"#WeatherAlert: Tropical Depression Dante, the Philippines' fourth tropical cyclone for 2025, is far from landmass. The enhanced southwest monsoon, however, will remain a threat. #DantePH #HabagatPH",Unknown,2025-07-22 18:36,,https://www.facebook.com/rapplerdotcom
Page,gmanews,"TINGNAN: Welcome din ang mga alagang hayop sa mga evacuation center sa Quezon City kasunod ng malalakas na pag-ulang nararanasan sa lugar. 
Courtesy: QC Mayor Joy Belmonte / Facebook",Unknown,2025-07-22 18:36,,https://www.facebook.com/gmanews
Page,PhilstarNews,Why do some Metro Manila roads become death traps when it rains? A disaster expert points to something hiding in plain sight.,Unknown,2025-07-22 18:36,,https://www.facebook.com/philstarnews/
Page,inquirerdotnet,Monsoon rains disrupt Senate’s Sona preps; contingency plans crafted,Unknown,2025-07-22 18:36,,https://www.facebook.com/inquirerdotnet
Page,pagasa.dost.gov.ph,"Flood Bulletin No. 4 for Pampanga River Basin
Issued at 6:00 PM, 22 July 2025",Unknown,2025-07-22 18:36,,https://www.facebook.com/PAGASA.DOST.GOV.PH/
Page,NDRRMC,"TROPICAL CYCLONE BULLETIN NR. 1
Tropical Depression ""Dante""
22 July 2025 5:00 PM
THE LOW PRESSURE AREA EAST OF AURORA DEVELOPED INTO TROPICAL DEPRESSION “DANTE” 
•The center of Tropical Depression DANTE was estimated based on all available data at 1,115 km East Northeast of Central Luzon or 1,130 km East of Northern Luzon. It is moving north northwestward at 20 km/h  with maximum sustained winds of 45 km/h near the center, gustiness of up to 55 km/h, and central pressure of 1000 hPa.
Source: DOST-PAGASA
#NDRRMC
#BawatSegundoMahalaga
#DantePH",Unknown,2025-07-22 18:36,,https://www.facebook.com/NDRRMC
Page,UNTVNewsRescue,"Isa nang ganap na bagyo ang dating low pressure area na ngayon ay tinawag ng PAGASA na bagyong ""Dante.""
Kaugnay nito, sinuspinde na ng Malacañang ang klase sa lahat ng antas at ang pasok sa mga tanggapan ng pamahalaan sa Metro Manila at piling lalawigan bukas, Miyerkules, July 23.",Unknown,2025-07-22 18:36,,https://www.facebook.com/UNTVNewsRescue
Search,#FloodAlert,"#FloodAlert #bahasagate5 
@highlight #followersシ゚ #fypシ゚ #FloodAlert #bahasagate5 @highlight #followersシ゚ #fypシ゚",Unknown,2025-07-22 18:36,,https://www.facebook.com/hashtag/FloodAlert
Search,#BahaPH,"LIVE Newspack: Happening Now 
. Water level sa Marikina River umakyat na naman sa 
 15.1 meters na lang  o Unanf Alarma as of 6PM ayon sa Marikina PIO [via Raymond Gomez, NIAS News Philippines, Photo via Marikina PIO] #NewsALERT #FloodPH #BahaPH #DantePH 
#AlertoTaytayeño #LetsGoTaytay LIVE Newspack: Happening Now 
. Water level sa Marikina River umakyat na naman sa 
 15.1 meters na lang  o Unanf Alarma as of 6PM ayon sa Marikina PIO [via Raymond Gomez, NIAS News Philippines, Photo via Marikina PIO] #NewsALERT #FloodPH #BahaPH #DantePH #AlertoTaytayeño #LetsGoTaytay",Unknown,2025-07-22 18:36,,https://www.facebook.com/hashtag/BahaPH
Search,#StreetFloodAlert,"INGAT SA BAHA — HUWAG PABAYA SA MGA BATA!
Isang nakakabahalang eksena ang kuha sa video kung saan isang bata ang tumatakbo sa baha at hindi namalayan ng magulang na muntik na itong malaglag sa imbornal.
 Marami sa atin ang natutuwa sa ulan — lalo na ang mga bata — pero hindi natin alam kung anong panganib ang nasa ilalim ng tubig. Maaaring bukas ang takip ng imbornal, may malalim na hukay, o mabilis ang agos.
 “Paalala sa mga magulang: bantayan ang mga bata, lalo na sa ganitong panahon ng tag-ulan. Hindi natin hawak ang biglaang sakuna.”
 Isang saglit ng kasiyahan ay pwedeng humantong sa trahedya kung tayo’y magiging kampante.
—
#UlanWatch #BahaPH #StreetFloodAlert #CommuteChronicles #BasangBasaSaUlan #RealTimeUlan #WeatherUpdatePH #TagUlanSeason #IngatSaBaha #HuwagKampante INGAT SA BAHA — HUWAG PABAYA SA MGA BATA! Isang nakakabahalang eksena ang kuha sa video kung saan isang bata ang tumatakbo sa baha at hindi namalayan ng magulang na muntik na itong malaglag sa imbornal. Marami sa atin ang natutuwa sa ulan — lalo na ang mga bata — pero hindi natin alam kung anong panganib ang nasa ilalim ng tubig. Maaaring bukas ang takip ng imbornal, may malalim na hukay, o mabilis ang agos. “Paalala sa mga magulang: bantayan ang mga bata, lalo na sa ganitong panahon ng tag-ulan. Hindi natin hawak ang biglaang sakuna.” Isang saglit ng kasiyahan ay pwedeng humantong sa trahedya kung tayo’y magiging kampante. — #UlanWatch #BahaPH #StreetFloodAlert #CommuteChronicles #BasangBasaSaUlan #RealTimeUlan #WeatherUpdatePH #TagUlanSeason #IngatSaBaha #HuwagKampante",Unknown,2025-07-22 18:36,,https://www.facebook.com/hashtag/StreetFloodAlert
Search,#LandslideAlert,"Gumatin Family Tragedy 
 #gumatinfamily #landslide #landslidewarning #LandslideAwareness #LandslideAlert Gumatin Family Tragedy #gumatinfamily #landslide #landslidewarning #LandslideAwareness #LandslideAlert",Unknown,2025-07-22 18:36,,https://www.facebook.com/hashtag/LandslideAlert
Search,#FireAlert,"#FireAlert
WATCH: (UPDATED)THE Bureau of Fire Protection (BFP) reported around P200,000 worth of damages due to the fire incident near Bolton Bridge along Quimpo Boulevard in Davao City on Saturday morning, January 15, 2022.
Read more: https://www.sunstar.com.ph/.../p200000-damages-due-to...
RJ Pañares
#AllYouNeedToKnow #FireAlert WATCH: (UPDATED)THE Bureau of Fire Protection (BFP) reported around P200,000 worth of damages due to the fire incident near Bolton Bridge along Quimpo Boulevard in Davao City on Saturday morning, January 15, 2022. Read more: https://www.sunstar.com.ph/.../p200000-damages-due-to... RJ Pañares #AllYouNeedToKnow",Unknown,2025-07-22 18:36,,https://www.facebook.com/hashtag/FireAlert
Page,abscbnNEWS,"Pamilya 7 oras na-stranded dahil sa baha sa Fairview, QC #TVPatrolExpress #Reels",Unknown,2025-07-22 19:23,abscbnNEWS,https://www.facebook.com/abscbnNEWS
Page,manilabulletin,"‘NO PETS LEFT BEHIND! KASAMA SILA SA EVACUATION. 
’
LOOK: The Philippine Animal Welfare Society (PAWS) expresses gratitude on Tuesday, July 22, as more evacuation centers begin to welcome animals alongside families during times of crisis.
“By opening their doors to pets, LGUs not only save lives, but also uplift and support responsible pet owners who refuse to leave their beloved companions behind in times of emergency,” PAWS wrote.
The group urges more LGUs to recognize the bond between humans and their companion animals and to ensure that no pet is left behind during emergencies.
:  PAWS | Facebook",Unknown,2025-07-22 19:23,manilabulletin,https://www.facebook.com/ManilaBulletin/
Page,PhilstarNews,"Sinuspinde ng Malacañang ang lahat ng paghahanda para sa darating na State of the Nation Address ni Pangulong Ferdinand ""Bongbong"" Marcos Jr.
Ito ay matapos mag-viral sa social media ngayong Martes, Hulyo 22 ang mga larawan ng mga tauhan ng Department of Public Works and Highways na nagpapaskil ng karatula ng SONA sa Maynila sa gitna ng malakas na ulan at malawakang pagbaha dahil sa Habagat.
PANOORIN: https://youtube.com/shorts/XJbO1D8OBfM",Unknown,2025-07-22 19:23,PhilstarNews,https://www.facebook.com/philstarnews/
Page,inquirerdotnet,Love in the Time of Flood: A wedding at Barásoain,Unknown,2025-07-22 19:23,inquirerdotnet,https://www.facebook.com/inquirerdotnet
Page,UNTVNewsRescue,"Humupa na ang baha sa ilang bahagi ng Rizal na ilang araw ding nalubog sa tubig dahil sa walang tigil na ulan. 
Ngunit iniwan nito ang matinding pinsala, lalo na sa Brgy. Burgos, Montalban, Rizal, ayon sa mga residente.",Unknown,2025-07-22 19:23,UNTVNewsRescue,https://www.facebook.com/UNTVNewsRescue
Page,sunstardavaonews,"President Ferdinand Marcos Jr. has directed all concerned government agencies to focus all efforts in ensuring the safety and welfare of the Filipino people, as many communities are battling heavy flooding due to the effects of habagat (southwest monsoon).",Unknown,2025-07-22 19:23,sunstardavaonews,https://www.facebook.com/sunstardavaonews
Search,#FloodAlert,"Graaabe sa laki 
Mag iingat po kayo sa baha. Lalo na sa mga naglalakad at nagsswimming jan . Nakakakilabot 
#FloodAlert #keepsafeevery0ne Graaabe sa laki Mag iingat po kayo sa baha. Lalo na sa mga naglalakad at nagsswimming jan . Nakakakilabot #FloodAlert #keepsafeevery0ne",Unknown,2025-07-22 19:23,Unknown,https://www.facebook.com/jomsjoan24/posts/pfbid02K8Jwp75drqbS3A4WmzakvaBNt13ZhgR2PhRYDNViicJh4ZaabcuGUP3MMt6rawual?__cft__[0]=AZXi8O6B_BZvEOo-iKe_5UkWhBM3BTi_l3hL4rW_dOmoEhb8HjzUKIr6SuG3WWO1I-kalyi2M67pQPYpM08GJwFGuapA6rFJw2dDzwqBofAsRKMHNODhD3xk28Alzf00FH1T1asMCN1RU8_G4zGI4Ax7qtyNWsh1rv93DR1IMZmUoCHoqTRynmz07kwK7fQn07o&__tn__=%2CO%2CP-R
Search,#LandslideAlert,"बालथघाट स्टेशन बना खतरे का निशान...
#HeavyRainfall #RoadCollapse
#SirmaurNews #SaharanToKyara
#HimachalRainAlert #VillageRoadBlocked
#PublicTransportShutdown #LandslideAlert #saindhar #HimachalNews बालथघाट स्टेशन बना खतरे का निशान... #HeavyRainfall #RoadCollapse #SirmaurNews #SaharanToKyara #HimachalRainAlert #VillageRoadBlocked #PublicTransportShutdown #LandslideAlert #saindhar #HimachalNews",Unknown,2025-07-22 19:23,Unknown,https://www.facebook.com/hashtag/LandslideAlert
Page,gmanews,"TINGNAN: Nagpatupad na ang mga awtoridad ng forced evacuation sa Brgy. Lasip, Calasiao, Pangasinan kung saan hanggang dibdib na ang baha matapos ang tuloy-tuloy na pag-ulan na epekto ng Habagat. 
COURTESY: Calasiao Information Office via GMA Regional TV One North Central Luzon",Unknown,2025-07-22 19:44,gmanews,https://www.facebook.com/gmanews
Page,UNTVNewsRescue,"Hindi pa rin madaanan ang ilang bahagi ng Brgy. Dalandanan, Valenzuela City dahil sa bahang dulot ng patuloy na pag-ulan. 
Pahirapan ang pagdaan, lalo na para sa mga malalaking sasakyan, kabilang ang mga garbage truck na dapat sana’y mangongolekta ng basura, dahilan ng inaasahang delay sa serbisyo.",Unknown,2025-07-22 19:44,UNTVNewsRescue,https://www.facebook.com/UNTVNewsRescue
Page,profile.php?id=61568208630146,"BAHA UPDATE | BAGONG SILANGAN, QC
 Around 1PM | 68 Veterans, Barangay Bagong Silangan, Quezon City
Hanggang bewang na ang baha sa lugar kahit hindi malakas ang ulan.
Matagal na rin pero hindi pa rin humuhupa ang tubig.… See more",Unknown,2025-07-22 19:44,profile.php?id=61568208630146,https://www.facebook.com/people/Weather-Update-Today-Philippines/61568208630146/
Page,manilabulletin,"Senator Loren Legarda called for the strict enforcement of environmental laws on Tuesday, July 22, as massive flooding hit parts of Metro Manila and Luzon, highlighting the role of improper waste disposal and illegal structures in exacerbating the situation. Senator Loren Legarda called for the strict enforcement of environmental laws on Tuesday, July 22, as massive flooding hit parts of Metro Manila and Luzon, highlighting the role of improper waste disposal and illegal structures in exacerbating the situation.",Unknown,2025-07-22 20:02,Unknown,https://www.facebook.com/ManilaBulletin/posts/pfbid0VMKdupC2LastU1qqB383BES3MomQFQ1yJgCCX5wiEfaTE2SvHk6fZNhGtK61q4cdl?__cft__[0]=AZWE6aXrdZ7dCu4Ki8ThCrNRDDR0YYYrO8I5RrlaLDXB37cJySx3QZPAlb_1r_6icZ_BKqIALsSVsga3DHXHnFAPgMF4BK8pwGsLwWkHbBgaTK8KvHkzs6JnJbF77aZdmHQqT-D5HLxHFpBEB_sV7eF2KOmgFih28G2ssPQfDzNUnst_Ve3pNY93TyXaJD_C870&__tn__=%2CO%2CP-R
Page,PhilstarNews,"IS IT REALLY JUST RAIN OR BAD PLANNING?
Disaster scientist Mahar Lagmay explains why floodwaters always find their way back, turning streets into deadly traps during storms.
Read: https://www.philstar.com/.../why-metro-manila-roads-turn... IS IT REALLY JUST RAIN OR BAD PLANNING? Disaster scientist Mahar Lagmay explains why floodwaters always find their way back, turning streets into deadly traps during storms. Read: https://www.philstar.com/.../why-metro-manila-roads-turn... Corrupt govt",Unknown,2025-07-22 20:02,Unknown,https://www.facebook.com/philstarnews/posts/pfbid05iQbZj18Wx6dv64g56kwuBBvHPiizdQXVA3wGPUTTZ4e3ULE6HtZbJJGQeiJ98DKl?__cft__[0]=AZUIcMENGPvukUuyM2E42lRjzXAKaEMwnY-NsinGUlg0wsCcqOXE19BjywtOTKYY1yMxVHMBhR7G1btRA3J9hmWE4fooMXkcs6S-kVpYDCg7zJaCHwN7h-q1quUvHFJU_57stWl2Gl9kUZDZSUPBRpihtdFbT-lr8WYsN_5NspXR1NAV5MCCJWD1W042tafODnk&__tn__=%2CO%2CP-R
Page,pagasa.dost.gov.ph,"Flood Bulletin No. 4 for Pampanga River Basin
Issued at 6:00 PM, 22 July 2025 Flood Bulletin No. 4 for Pampanga River Basin Issued at 6:00 PM, 22 July 2025 Jester Alvarez gagi may bagyo tlga HAHAHAHA",Unknown,2025-07-22 20:02,Unknown,https://www.facebook.com/PAGASA.DOST.GOV.PH/posts/pfbid0jda76r6o6U3y9u5acsMiBWcoAr25mQYAd9nQkq9cN2jaA55cbzmMQtNBTMHRphT1l?__cft__[0]=AZXtZ_syndX6XsBrn6Yp9MRu2-YUfFViguSgR7hK1pCkjXGCxlp4zesFxqYinlLNiO_p1b8T8SVIuTSuzPUPjSeLXBWy929VULn0eHieO_c9tac1pbUmKIMV7KszotjFf9KrrCFZcSJ0Tc-2a_2mn-hR5UciBBde9RH6jDnUS-Dd745cmlqV8Ujd7gRHLqaecHA&__tn__=%2CO%2CP-R
Page,UNTVNewsRescue,"- Lebel ng tubig sa Marikina River, bumaba na; dredging operations, tuloy-tuloy upang maibsan ang pagbaha
- Basura, nanguna pa rin sa mga dahilan ng pagbaha sa maraming lugar sa Metro Manila ayon sa MMDA; ilang infra projects, nakaapekto rin sa mga daluyan ng tubig
- State of calamity, posibleng ideklara sa Lungsod ng Maynila - Lebel ng tubig sa Marikina River, bumaba na; dredging operations, tuloy-tuloy upang maibsan ang pagbaha - Basura, nanguna pa rin sa mga dahilan ng pagbaha sa maraming lugar sa Metro Manila ayon sa MMDA; ilang infra projects, nakaapekto rin sa mga daluyan ng tubig - State of calamity, posibleng ideklara sa Lungsod ng Maynila Dolmite daw haha",Unknown,2025-07-22 20:02,Unknown,https://www.facebook.com/UNTVNewsRescue/posts/pfbid02Lt6QazVb6r5TmQU2zReN1SKK6dG5jk6bK4jUk6hHLWA4qCicPqZYruwFbztWPjDCl?__cft__[0]=AZWkK4QRzToYaFOr93aou6oseVTOQLO7NDsyENnO1cS_Fr1X69rgPcIqgZjEfjVu6j8m4FxNsGVxNWryYVOSt5eGKBCNOZwFkCqNJoiWb2H14BZhGL6RJzLqnR_vvLLVdLnJnKRvPe9A0dIxbgrAuScK90NeScGIToUdtFyQCKfQI3SsjY42nuZeSXaDYzKvgFY&__tn__=%2CO%2CP-R
Page,PHIVOLCS,"#EarthquakePH #EarthquakeSorsogon
Earthquake Information No.1
Date and Time: 22 July 2025 - 07:37 PM
Magnitude = 1.9
Depth = 019 km
Location = 13.01°N, 124.54°E - 038 km S 85° E of Prieto Diaz (Sorsogon)
https://earthquake.phivolcs.dost.gov.ph/.../2025_0722... #EarthquakePH #EarthquakeSorsogon Earthquake Information No.1 Date and Time: 22 July 2025 - 07:37 PM Magnitude = 1.9 Depth = 019 km Location = 13.01°N, 124.54°E - 038 km S 85° E of Prieto Diaz (Sorsogon) https://earthquake.phivolcs.dost.gov.ph/.../2025_0722...",Unknown,2025-07-22 20:02,Unknown,https://www.facebook.com/PHIVOLCS/posts/pfbid08VbrarzUneJCPGotB9afTwBKGGTSEDL6ESf3EXGek5StsRNYTE8RktV8wbAibUsWl?__cft__[0]=AZWC79Qf8ZJDiEJXf0gx0Zi6G1F0Z6tV6kQBVW43hHsGnUYnokQH9Xan7Lb8Vakjzc9fTTUzNA-sx14Pkoj4MmK4V2yiq10spTIO13HpU1jOqjgezhJF16u2EmI9bFneVbk3FocQ9hYYE_v5Wco6x75XEw873Q-GKdqgDfsUr3tDsc82fZHJq6xav9RIqZEfHtA&__tn__=%2CO%2CP-R
Page,abscbnNEWS,"Several local government units have been placed under a state of calamity due to the effect of the onslaught of the southwest monsoon. Several local government units have been placed under a state of calamity due to the effect of the onslaught of the southwest monsoon. Balik tayo sa tanong, NASAAN ANG 5,500 FLOOD CONTROL na pinagyabang ni LBM?",Unknown,2025-07-22 21:55,Unknown,https://www.facebook.com/abscbnNEWS/posts/pfbid0kMQ6iUAUfB2L9iJgj3A8eNg4ra5BtEjiSg8qiD5bCeEJHWuagoxfVWRKkSp7DDVwl?__cft__[0]=AZWtL01war6hfa68SSl3WOwTv0p862DBoqiMFHpXpSo3CzIbtn4MtEZf9MYi8kf5Xo9XUOe08kzUHJnPuDp5RzofOSskuucNP317sLltmwW6LczwlxDj4y-5_FRlWogrAmFdWU5Ec29_E59vq4vYuzx_Kq4pXMMN8S3WHnBvgyyE2Kgq-PsF_AseoUkPj8IXnd8&__tn__=%2CO%2CP-R
Page,abscbnNEWS,"Balik tayo sa tanong, NASAAN ANG 5,500 FLOOD CONTROL na pinagyabang ni LBM?",Unknown,2025-07-22 21:55,Unknown,https://www.facebook.com/abscbnNEWS/posts/pfbid0kMQ6iUAUfB2L9iJgj3A8eNg4ra5BtEjiSg8qiD5bCeEJHWuagoxfVWRKkSp7DDVwl?comment_id=1438629994125069&__cft__[0]=AZWtL01war6hfa68SSl3WOwTv0p862DBoqiMFHpXpSo3CzIbtn4MtEZf9MYi8kf5Xo9XUOe08kzUHJnPuDp5RzofOSskuucNP317sLltmwW6LczwlxDj4y-5_FRlWogrAmFdWU5Ec29_E59vq4vYuzx_Kq4pXMMN8S3WHnBvgyyE2Kgq-PsF_AseoUkPj8IXnd8&__tn__=R-R
Page,gmanews,"Hindi sinanto ng hanggang dibdib na baha ang makasaysayang Barasoain Church sa Malolos, Bulacan. Sa kabila niyan, tuloy ang kasal!
Nanaig ang pagmamahalan ng magkasintahang lumakad sa altar kahit baha. Hindi sinanto ng hanggang dibdib na baha ang makasaysayang Barasoain Church sa Malolos, Bulacan. Sa kabila niyan, tuloy ang kasal! Nanaig ang pagmamahalan ng magkasintahang lumakad sa altar kahit baha. Grabe naman sa hanggang sa dibdib ang baha..pakiayos nyo po balita nyo its OA",Unknown,2025-07-22 21:55,Unknown,https://www.facebook.com/gmanews/
Page,gmanews,Grabe naman sa hanggang sa dibdib ang baha..pakiayos nyo po balita nyo its OA,Unknown,2025-07-22 21:55,Unknown,https://www.facebook.com/gmanews/
Page,pagasa.dost.gov.ph,Jester Alvarez gagi may bagyo tlga HAHAHAHA,Unknown,2025-07-22 21:55,Unknown,https://www.facebook.com/PAGASA.DOST.GOV.PH/posts/pfbid0jda76r6o6U3y9u5acsMiBWcoAr25mQYAd9nQkq9cN2jaA55cbzmMQtNBTMHRphT1l?comment_id=1039785154992506&__cft__[0]=AZXR7XTZuWbQrI4OW-Y-p7bIXwvjNjGdo2G9NER4-T7LNWZL-PtIBR8DqsgvnHC_Jf20eenW3qjiuFrxszg22ph9isyH5MZKTAE5litGe9la5lExtT3D14uLGlwY5wsFnzyGpxP1iKmc2NoWX3SXWVHDoFaQqZvCfW0MujESCuqXLXJoXGXGGT7A2TKu0Ft4MWw&__tn__=R-R
Page,UNTVNewsRescue,"Napilitang lumikas ang mga residente ng Brgy. Lambakan Marilao, Bulacan kagabi dahil sa pag-apaw ng ilog sa kanilang lugar. 
#HabagatPH
#TulongMunaBagoBalita                 #UNTVNewsAndRescue Napilitang lumikas ang mga residente ng Brgy. Lambakan Marilao, Bulacan kagabi dahil sa pag-apaw ng ilog sa kanilang lugar. #HabagatPH #TulongMunaBagoBalita                 #UNTVNewsAndRescue",Unknown,2025-07-22 21:55,Unknown,https://www.facebook.com/UNTVNewsRescue/posts/pfbid02PGFBGbsbKuB4sDtnkEBXvLxpmCrWYya9QKJwgXj8MsJ55UG8Xv17rnYET2Hdynqvl?__cft__[0]=AZWnWcTbMwCK5noey6Z0yKx-7Znc0pslEcnXuJ3wgU6mdQk0kfhjK8gccDPN4dnS_VHdXgZI1TsTdZtVq2okHyUdzw6W5xww5Ta92baWQuIpyJLgrbq4Jpzq6LRtfJp5WIOcjRcLtghKksrRGdtnZd4HVjCx3iLgSSPdrrhA2gzj7KnkVUZzxwZ78B5NZMUUohmynCRnXtQANmHhNip_3qMkqDx2jmwbOxceS1H6qKC4oA&__tn__=%2CO%2CP-R
Page,DavaoDRRMO,"𝐂𝐃𝐑𝐑𝐌𝐎-𝐎𝐏𝐂𝐄𝐍 𝐖𝐄𝐀𝐓𝐇𝐄𝐑 𝐔𝐏𝐃𝐀𝐓𝐄:
As of 05:57 PM | July 22, 2025
𝐖𝐞𝐚𝐭𝐡𝐞𝐫 𝐒𝐲𝐬𝐭𝐞𝐦: 𝙎𝙤𝙪𝙩𝙝𝙬𝙚𝙨𝙩 𝙈𝙤𝙣𝙨𝙤𝙤𝙣
Areas within Davao City are experiencing cloudy weather conditions.
All river channels are monitored at 𝐂𝐎𝐃𝐄 𝐆𝐑𝐄𝐄𝐍 (𝘚𝘢𝘧𝘦 𝘓𝘦𝘷𝘦𝘭).
𝐂𝐎𝐀𝐒𝐓𝐀𝐋 𝐒𝐓𝐀𝐓𝐔𝐒:
> Calm seas
> Going low tide
#𝗪𝗲𝗮𝘁𝗵𝗲𝗿𝗨𝗽𝗱𝗮𝘁𝗲
#𝗗𝗮𝘃𝗮𝗼𝗖𝗶𝘁𝘆𝗗𝗥𝗥𝗠𝗢 𝐂𝐃𝐑𝐑𝐌𝐎-𝐎𝐏𝐂𝐄𝐍 𝐖𝐄𝐀𝐓𝐇𝐄𝐑 𝐔𝐏𝐃𝐀𝐓𝐄: As of 05:57 PM | July 22, 2025 𝐖𝐞𝐚𝐭𝐡𝐞𝐫 𝐒𝐲𝐬𝐭𝐞𝐦: 𝙎𝙤𝙪𝙩𝙝𝙬𝙚𝙨𝙩 𝙈𝙤𝙣𝙨𝙤𝙤𝙣 Areas within Davao City are experiencing cloudy weather conditions. All river channels are monitored at 𝐂𝐎𝐃𝐄 𝐆𝐑𝐄𝐄𝐍 (𝘚𝘢𝘧𝘦 𝘓𝘦𝘷𝘦𝘭). 𝐂𝐎𝐀𝐒𝐓𝐀𝐋 𝐒𝐓𝐀𝐓𝐔𝐒: > Calm seas > Going low tide #𝗪𝗲𝗮𝘁𝗵𝗲𝗿𝗨𝗽𝗱𝗮𝘁𝗲 #𝗗𝗮𝘃𝗮𝗼𝗖𝗶𝘁𝘆𝗗𝗥𝗥𝗠𝗢",Unknown,2025-07-22 21:55,Unknown,https://www.facebook.com/DavaoDRRMO/posts/pfbid02teMo7o7mmN3mhiXWx2BiVKrHBSB45wnd5wdyYHPksYNLWajMPakFVxn4Lx32bg8bl?__cft__[0]=AZVZ13a8gIc_GLgd4wB7fMdtt5EMhpBs1PSlYAWXGM8Ctkga5FGV7FtI2XzyQkNPWmE2GoCjOui8eFMxwTO9zeEpKC4-eyWVA14BdH1wfk2MLeCG2-VxJNjDoTBxHGbQu82HmC5eU95VNpTBD8lZdNZEQ3sv6ikARCL4xpOKDDFlT1zaOhs5h-ZlGuLPaAC7zjM&__tn__=%2CO%2CP-R
Page,sunstardavaonews,"At least eight dioceses across the regions are currently being monitored closely by the humanitarian arm of the Catholic Church in the Philippines amid the devastating effects of Tropical Cyclone Crising and the Southwest Monsoon (Habagat).
Read more: https://www.sunstar.com.ph/.../8-dioceses-closely... At least eight dioceses across the regions are currently being monitored closely by the humanitarian arm of the Catholic Church in the Philippines amid the devastating effects of Tropical Cyclone Crising and the Southwest Monsoon (Habagat). Read more: https://www.sunstar.com.ph/.../8-dioceses-closely...",Unknown,2025-07-22 21:55,Unknown,https://www.facebook.com/sunstardavaonews/posts/pfbid02Xezczf61EMD2cizwt6e7SzY2pEJWv9spmf6QLNuKLEcTnHFMFyMmFSQbtYhE7HDml?__cft__[0]=AZV9oVy4YxxA_Di4VqQd_4vTltlHhCxUHmy6UgLl0Gk3BjSnbusFwNinLVSzkG7i8XfDKNBKenreuVQvx-SUTmSo-7lFYNrLYLt8z8uZA7VdKPzrD-FwbhSQl2xK5L2Nw_57wCe1JLXANbsObqR73zqGUxVCJWeAZtZXYE2OvR-2adAElvC2yIjreYHUdZ0nhsg&__tn__=%2CO%2CP-R
Page,PHIVOLCS,"#EarthquakePH #EarthquakeBohol
Earthquake Information No.1
Date and Time: 22 July 2025 - 08:03 PM
Magnitude = 1.5
Depth = 035 km
Location = 10.20°N, 124.23°E - 012 km N 62° W of Talibon (Bohol)
https://earthquake.phivolcs.dost.gov.ph/.../2025_0722... #EarthquakePH #EarthquakeBohol Earthquake Information No.1 Date and Time: 22 July 2025 - 08:03 PM Magnitude = 1.5 Depth = 035 km Location = 10.20°N, 124.23°E - 012 km N 62° W of Talibon (Bohol) https://earthquake.phivolcs.dost.gov.ph/.../2025_0722...",Unknown,2025-07-22 21:55,Unknown,https://www.facebook.com/PHIVOLCS/posts/pfbid02PKdWhedWGUkhpaKawDC4ZChYBxkfH7if1tgCBbZ6DNQft5ZSnseKp7Vtoocn6U7el?__cft__[0]=AZUY2Nc4Yl2TZ0VfHGn5pnUvL9AIDDuUAejcCe6ZHdk0-pDauerFwJh7oNwFso7jmXECAuAa_v81pthDhTAr9noIIIKF9uzGVHlaOjma922C7qTuBaZ7Jn34mbPU5e2GBaKI-SaDdSH_I79a9T2_IIPlAyDWZwkfXXTBFpHY6iLVyB4X8IL8nZNhnjQX1sil3Oc&__tn__=%2CO%2CP-R
Page,abscbnNEWS,"Lubog sa tubig ang kalsada at ilang bahay sa Barangay Pulang Lupa Uno, Las Pinas City Martes, Hulyo 22, 2025, dahil sa high tide at pag-ulang dulot ng habagat. | via Angelica Daniel (BMPM intern) Lubog sa tubig ang kalsada at ilang bahay sa Barangay Pulang Lupa Uno, Las Pinas City Martes, Hulyo 22, 2025, dahil sa high tide at pag-ulang dulot ng habagat. | via Angelica Daniel (BMPM intern) Ingat po ang lahat",Unknown,2025-07-22 22:52,Unknown,https://www.facebook.com/abscbnNEWS/
Page,rapplerdotcom,Join Lian Buan and Iya Gozum in a watch party on July 23 as the World Court delivers its landmark advisory opinion on climate change Join Lian Buan and Iya Gozum in a watch party on July 23 as the World Court delivers its landmark advisory opinion on climate change,Unknown,2025-07-22 22:52,Unknown,https://www.facebook.com/rapplerdotcom/posts/pfbid0ec6BqAMR7brSyQ5rJCyWLvTpzkFknHtKNnN6VJwDfNwuRSouNhdisZ4TbKMEQD5Zl?__cft__[0]=AZUzpxWvx06M9z7fWg5BwM1qZP8JdXeFPiDH6BHjmg2BrPfqcrvpnuD04lqfirMgsR6wA8t797wQ__TYear68FSMpE5E2RK2u9-lxVwqOWIX1zlRyQQAX9A99I2lgyQKugAq8piYW_FbqFypl0m_R7bpM-KiAUmtZ6B50uklGQUeVPzjRFFE1J_fcKFdud7W6yU&__tn__=%2CO%2CP-R
Page,manilabulletin,"JUST IN: Malabon City Mayor Jeannie Sandoval declared a state of calamity on Tuesday, July 22, due to heavy rains and widespread flooding brought by the Southwest Monsoon (Habagat). 
The declaration, made through Sangguniang Panlungsod Resolution A17-2025, enables the city government to access its Quick Response Fund (QRF), which comprises 30 percent of the Local Disaster Risk Reduction and Management (DRRM) fund, to strengthen relief operations, emergency response, and other essential services. | via Hannah Nicol JUST IN: Malabon City Mayor Jeannie Sandoval declared a state of calamity on Tuesday, July 22, due to heavy rains and widespread flooding brought by the Southwest Monsoon (Habagat). The declaration, made through Sangguniang Panlungsod Resolution A17-2025, enables the city government to access its Quick Response Fund (QRF), which comprises 30 percent of the Local Disaster Risk Reduction and Management (DRRM) fund, to strengthen relief operations, emergency response, and other essential services. | via Hannah Nicol",Unknown,2025-07-22 22:52,Unknown,https://www.facebook.com/ManilaBulletin/posts/pfbid0kXmsWxWAh66n665QokTqkxK9pjt2CGUhMgaewyWG1QDdQb4Y6BTd2TRMbVvsJWuMl?__cft__[0]=AZUj6tzpadwmVwlWwaMVGhkLV2mAEO1AGSaHdAuUJpfhUBrptb29MaRKbZcJVwIapgpiUSnqdpwTQnd2b4dgU4xJGRAaBL2-E0REtxmjPL7IDZl6CdI6CWPd2BWTz0GaR1kkaG1aeLWyI5bMTYgqBNwzoSdpwQm-tPJTLwCELaTlBU_IaY29h1gHldzQFhZEKyc&__tn__=%2CO%2CP-R
Page,PhilstarNews,"Kinaaliwan ng mga followers ng tv host na si Kuya Kim Atienza ang kanyang kakaibang getup na nakasuot lang ng shorts at walang suot na pang-itaas habang nasa gitna ng buhos ng ulan sa at kalsada.
Pero bukod sa ulat-panahon, nagbahagi rin siya ng kaalaman:  “Alam niyo ba na ang pagligo sa ulan ay maganda para sa ating balat? Wala itong calcium, wala itong magnesium, low in minerals ” sabi niya.
Video by Kuya Kim / Instagram Kinaaliwan ng mga followers ng tv host na si Kuya Kim Atienza ang kanyang kakaibang getup na nakasuot lang ng shorts at walang suot na pang-itaas habang nasa gitna ng buhos ng ulan sa at kalsada. Pero bukod sa ulat-panahon, nagbahagi rin siya ng kaalaman:  “Alam niyo ba na ang pagligo sa ulan ay maganda para sa ating balat? Wala itong calcium, wala itong magnesium, low in minerals ” sabi niya. Video by Kuya Kim / Instagram Musta na ang anak mong babae kuya kim. Naipa enroll niyo na ba sa ibang bansa?",Unknown,2025-07-22 22:52,Unknown,https://www.facebook.com/philstarnews/
Page,inquirerdotnet,"LOOK: A funeral mass proceeds as scheduled despite flooding inside the Barasoain Church in Malolos, Bulacan, on Tuesday, July 22. 
The church also proceeded with a wedding and a mass earlier this morning amid ongoing rains caused by the southwestern monsoon, also known as ""habagat."" | 
: Our Lady of Mount Carmel Parish - Barasoain Church/Facebook via Liam Recacho, INQUIRER.net
For more stories, visit INQUIRER.net LOOK: A funeral mass proceeds as scheduled despite flooding inside the Barasoain Church in Malolos, Bulacan, on Tuesday, July 22. The church also proceeded with a wedding and a mass earlier this morning amid ongoing rains caused by the southwestern monsoon, also known as ""habagat."" | 
: Our Lady of Mount Carmel Parish - Barasoain Church/Facebook via Liam Recacho, INQUIRER.net For more stories, visit INQUIRER.net Amen",Unknown,2025-07-22 22:52,Unknown,https://www.facebook.com/inquirerdotnet/posts/pfbid02tpxDFTKupYKBBRZxhVhaVGVKd1osRpdriy8TJSmWW43c2p3AornexLCwmBSSUAM6l?__cft__[0]=AZWiRtbNyY8Zroy40JiBBFPzYwXkzbViej6lWODndW4G3SfRhs98TSCnPCv8rci0t1oFKxsHVYwEJL5XrOl2AgNjSNx7i94ie2OWW8xSxF-5HI_EJrL7zcYFOHqdTAlIddBk1irHc2UTFlbZw9EeYmi9GOVnd67TKI6I4KpF_Tm0iSQ9EXfE9nKSRvA2NJKdK3o&__tn__=%2CO%2CP-R
Page,pagasa.dost.gov.ph,"Tropical Cyclone update as of 8:00 PM today, 22 July 2025.
Tropical Depression ""DANTE"", formerly (LPA 07g), is being monitored inside the Philippine Area of Responsibility (PAR).
The Low Pressure Area (LPA 7h) is also being monitored inside PAR and still has a ""MEDIUM"" potential of developing into tropical depression within the next 24 hours.
Meanwhile, another Low Pressure Area (LPA 07i) is being monitored outside PAR also has a “MEDIUM” potential of developing into a tropical depression within the next 24 hours.
All are advised to monitor updates from DOST-PAGASA.
#DantePH Tropical Cyclone update as of 8:00 PM today, 22 July 2025. Tropical Depression ""DANTE"", formerly (LPA 07g), is being monitored inside the Philippine Area of Responsibility (PAR). The Low Pressure Area (LPA 7h) is also being monitored inside PAR and still has a ""MEDIUM"" potential of developing into tropical depression within the next 24 hours. Meanwhile, another Low Pressure Area (LPA 07i) is being monitored outside PAR also has a “MEDIUM” potential of developing into a tropical depression within the next 24 hours. All are advised to monitor updates from DOST-PAGASA. #DantePH",Unknown,2025-07-22 22:52,Unknown,https://www.facebook.com/PAGASA.DOST.GOV.PH/posts/pfbid0uTYDxa4aFcRrP8wiAA6bJBemibfRxR3h3LRNHVSM95ehob6mH24d2rNWLSr5GqGGl?__cft__[0]=AZUPfazGPJQH1areyLrmA9Ma_NbbY-HCgGYR9gtKfCx4pDH1fM6qdfhb1oFPzKdV_wFjCPfiiYBoeO8i_E3wpq3t4eVJBzsmDnz77cgGQuEEXAnWU1DJGMwx3lpbzxtuMrptyyp-L223LSQDZYyTqKBGKyY8g7nMCESvRxnoGQpnBrnIPaea2FDmj__KZ6mhk2w&__tn__=%2CO%2CP-R
Page,NDRRMC,"DISASTER RESPONSE UPDATE| Philippine Marines Assist in Evacuation Efforts in Bongao, Tawi-Tawi
Personnel from the Philippine Marine Corps, under Marine Battalion Landing Team-4 (MBLT-4), in close coordination with the Municipal Disaster Risk Reduction and Management Office (MDRRMO) of Bongao, successfully conducted a humanitarian evacuation for residents of Barangay Tubig Tanah, Bongao, Tawi-Tawi on July 20, 2025, following the impact of Typhoon Crising.
This operation underscores the AFP’s steadfast role in safeguarding communities during emergencies.
Source: Armed Forces of the Philippines 
See more: https://www.facebook.com/share/p/1JfTg78q3u/
#NDRRMC 
#BawatSegundoMahala DISASTER RESPONSE UPDATE| Philippine Marines Assist in Evacuation Efforts in Bongao, Tawi-Tawi Personnel from the Philippine Marine Corps, under Marine Battalion Landing Team-4 (MBLT-4), in close coordination with the Municipal Disaster Risk Reduction and Management Office (MDRRMO) of Bongao, successfully conducted a humanitarian evacuation for residents of Barangay Tubig Tanah, Bongao, Tawi-Tawi on July 20, 2025, following the impact of Typhoon Crising. This operation underscores the AFP’s steadfast role in safeguarding communities during emergencies. Source: Armed Forces of the Philippines See more: https://www.facebook.com/share/p/1JfTg78q3u/ #NDRRMC #BawatSegundoMahala",Unknown,2025-07-22 22:52,Unknown,https://www.facebook.com/NDRRMC/posts/pfbid02ywTYzw58BXS8QmSUJDwPfBf9KVfR2TfxQnbkgK8JGqENjHvyqNd2GcFxrmxuERs6l?__cft__[0]=AZWg7DiGKGlfQ1UZ4H2drvQOYgaCOUFYck_zz-fVjQutU_FvfkXQ0nADz_QopHUsgB2K6oGEQ_EHQR2_jvwKaEBd2EAn-cDgE4_JeXVpEvV4ns52C781EKdtUixs4aKXgWZ0pcGymAv7XE3dJp7b1ZBTPDSeg_oOYd_kjFJEEJ0Jp2R3f8qW-scuY6b6jKEthhA&__tn__=%2CO%2CP-R
Page,PHIVOLCS,"#EarthquakePH #EarthquakeIfugao
Earthquake Information No.1
Date and Time: 22 July 2025 - 10:36 PM
Magnitude = 2.8
Depth = 003 km
Location = 16.84°N, 121.02°E - 002 km East of Hungduan (Ifugao)
https://earthquake.phivolcs.dost.gov.ph/.../2025_0722... #EarthquakePH #EarthquakeIfugao Earthquake Information No.1 Date and Time: 22 July 2025 - 10:36 PM Magnitude = 2.8 Depth = 003 km Location = 16.84°N, 121.02°E - 002 km East of Hungduan (Ifugao) https://earthquake.phivolcs.dost.gov.ph/.../2025_0722... Yhan-Yhan Kits eto ata naramdaman nuo",Unknown,2025-07-22 22:52,Unknown,https://www.facebook.com/PHIVOLCS/posts/pfbid02jZ6NNYtySNAh2guttWpT48DpbF6mke3PTJ5z2bMRHxqUH4ZhLNeHvUAHwJwEtNmtl?__cft__[0]=AZX304qnnBFk_u7EWWbEG5Zxq95pLoIQsz1VSx2NVfGnhZKGju1iOe4uPaG-WnGGwShUQbteTFMgQFuxIEWwcU2tKeRJNJiuitTtJU7ydsYEhrrp-Mqm2SqrkCZ_aFqywlh4AKWcGFCmMoXGcnllE_SDNnHlfj3iwAU_kss17OcmXxoavbZuuJo6tP_sfGAdGKc&__tn__=%2CO%2CP-R
Page,gmanews,"Tropical Depression #DantePH slightly intensified as it continued to move northwestward over the Philippine Sea, PAGASA said in its 11 p.m. cyclone bulletin.
Read more:
https://www.gmanetwork.com/.../tropical-depression.../story/ Tropical Depression #DantePH slightly intensified as it continued to move northwestward over the Philippine Sea, PAGASA said in its 11 p.m. cyclone bulletin. Read more: https://www.gmanetwork.com/.../tropical-depression.../story/ Ingat po tayong Lahat... Agannad tayo amin kakabsat...",Unknown,2025-07-23 00:40,Unknown,https://www.facebook.com/gmanews/posts/pfbid0n6dtaLoZFvnqarSoefNYSk9yAnJKWtAvwSvSyZgcztbHbitjtqD7A6ydmRkf1rdol?__cft__[0]=AZVmsG0pOEuQ_PSs_G6Kech1CL8dAEi78TvNeYWybpc1kpstZz3448T1pYHwigyoGdMfcvzdIv9wqo3egwymC6ROqEooPPgIE1lcesP3IQFjlfDocoRjdRh0uSB9YgDcWpNK8MW6HJ4XeZ0c0ATBykvVoQaZVpSLXPEZcy2grllslYA1Ni485LzWTaWe1zqVFFg&__tn__=%2CO%2CP-R
Page,PhilstarNews,"Kinaaliwan ng mga followers ng tv host na si Kuya Kim Atienza ang kanyang kakaibang getup na nakasuot lang ng shorts at walang suot na pang-itaas habang nasa gitna ng buhos ng ulan sa at kalsada.
Pero bukod sa ulat-panahon, nagbahagi rin siya ng kaalaman:  “Alam niyo ba na ang pagligo sa ulan ay maganda para sa ating balat? Wala itong calcium, wala itong magnesium, low in minerals ” sabi niya.
Video by Kuya Kim / Instagram Kinaaliwan ng mga followers ng tv host na si Kuya Kim Atienza ang kanyang kakaibang getup na nakasuot lang ng shorts at walang suot na pang-itaas habang nasa gitna ng buhos ng ulan sa at kalsada. Pero bukod sa ulat-panahon, nagbahagi rin siya ng kaalaman:  “Alam niyo ba na ang pagligo sa ulan ay maganda para sa ating balat? Wala itong calcium, wala itong magnesium, low in minerals ” sabi niya. Video by Kuya Kim / Instagram Bathing in the rain might not be as refreshing as it sounds. While rainwater is naturally pure, the first rain can be particularly problematic due to contaminants it may carry. Here are some reasons why bathing in the rain might not be ideal ¹ ²: - *Pollutants and toxins*: The first rain can wash away dirt, pollutants, and residues from the atmosphere and surface runoffs, making it potentially acidic and harmful to the skin. These pollutants can cause skin irritation, allergic reactions, and other health issues. - *Microorganisms*: Rainwater can contain bacteria, viruses, and parasites that can cause waterborne diseases like cholera, typhoid, and diarrhea. These microorganisms can also lead to skin infections and other health problems. - *Skin issues*: Prolonged exposure to rainwater can strip the skin of its natural oils, leading to dryness and irritation. Some people might experience skin rashes, fungal infections, or other skin conditions due to the pollutants and bacteria in rainwater. - *Respiratory problems*: Breathing in polluted air during the first rain can trigger respiratory issues, especially for people with asthma or other pre-existing conditions. - *Hypothermia*: Taking a cold shower or bath, especially during rainy weather, can lower body temperature significantly and increase the risk of hypothermia.",Unknown,2025-07-23 00:40,Unknown,https://www.facebook.com/philstarnews/
Page,PhilstarNews,"Bathing in the rain might not be as refreshing as it sounds. While rainwater is naturally pure, the first rain can be particularly problematic due to contaminants it may carry. Here are some reasons why bathing in the rain might not be ideal ¹ ²: - *Pollutants and toxins*: The first rain can wash away dirt, pollutants, and residues from the atmosphere and surface runoffs, making it potentially acidic and harmful to the skin. These pollutants can cause skin irritation, allergic reactions, and other health issues. - *Microorganisms*: Rainwater can contain bacteria, viruses, and parasites that can cause waterborne diseases like cholera, typhoid, and diarrhea. These microorganisms can also lead to skin infections and other health problems. - *Skin issues*: Prolonged exposure to rainwater can strip the skin of its natural oils, leading to dryness and irritation. Some people might experience skin rashes, fungal infections, or other skin conditions due to the pollutants and bacteria in rainwater. - *Respiratory problems*: Breathing in polluted air during the first rain can trigger respiratory issues, especially for people with asthma or other pre-existing conditions. - *Hypothermia*: Taking a cold shower or bath, especially during rainy weather, can lower body temperature significantly and increase the risk of hypothermia.",Unknown,2025-07-23 00:40,Unknown,https://www.facebook.com/philstarnews/
Page,pagasa.dost.gov.ph,"Press Briefing -Tropical Depression Dante at 11PM | July 22, 2025 - Tuesday
DOST-PAGASA   Weather Specialist: Loriedin De La Cruz-Galicia
#weatherreport  #dostpagasa 
#TropicalCycloneUpdate
#DantePH Press Briefing -Tropical Depression Dante at 11PM | July 22, 2025 - Tuesday DOST-PAGASA   Weather Specialist: Loriedin De La Cruz-Galicia #weatherreport  #dostpagasa #TropicalCycloneUpdate #DantePH",Unknown,2025-07-23 00:40,Unknown,https://www.facebook.com/PAGASA.DOST.GOV.PH/
Page,NDRRMC,"Press Briefing -Tropical Depression Dante at 11PM | July 22, 2025 - Tuesday
DOST-PAGASA   Weather Specialist: Loriedin De La Cruz-Galicia
#weatherreport  #dostpagasa 
#TropicalCycloneUpdate
#DantePH Press Briefing -Tropical Depression Dante at 11PM | July 22, 2025 - Tuesday DOST-PAGASA   Weather Specialist: Loriedin De La Cruz-Galicia #weatherreport  #dostpagasa #TropicalCycloneUpdate #DantePH D2 po sa Taytay Rizal ay tahimik na ang langit.,",Unknown,2025-07-23 00:40,Unknown,https://www.facebook.com/NDRRMC/
Page,UNTVNewsRescue,"Napilitang lumikas ang mga residente ng Brgy. Lambakan Marilao, Bulacan kagabi dahil sa pag-apaw ng ilog sa kanilang lugar. 
#HabagatPH
#TulongMunaBagoBalita                 #UNTVNewsAndRescue Napilitang lumikas ang mga residente ng Brgy. Lambakan Marilao, Bulacan kagabi dahil sa pag-apaw ng ilog sa kanilang lugar. #HabagatPH #TulongMunaBagoBalita                 #UNTVNewsAndRescue Sana matuto na kayo sa mga 5,500 flood control project nila na Inu uto Tayong LAHAT..at sila lang Ang Magandang sitwasyon . Hindi nabahaan Ang Bahay Ng nag HATI HATI sa Pera Ng bayan",Unknown,2025-07-23 00:40,Unknown,https://www.facebook.com/UNTVNewsRescue/posts/pfbid02PGFBGbsbKuB4sDtnkEBXvLxpmCrWYya9QKJwgXj8MsJ55UG8Xv17rnYET2Hdynqvl?__cft__[0]=AZVm_9rdAalnJxQql756DVZWwtKii5TJSzVV2bol4nAOV_J7QajlXEOiCuPW8tFLzxSFOiAJ14Mkm8uxhRbK7ITnkyjMf-OY-kOqdgpLJc3-C8og6EvEKkE_hM3oJc5xnyJAFTfuaP_M5zMtJz-jISQmuuKRO06RiP-sAWBbUg5SS8yzkjWGVih_2kavzV_SCu2EueXD4F2DRjt6GRfYwsF8EC2hb1Fe8e3PXrU1QiJexQ&__tn__=%2CO%2CP-R
Page,UNTVNewsRescue,"Sana matuto na kayo sa mga 5,500 flood control project nila na Inu uto Tayong LAHAT..at sila lang Ang Magandang sitwasyon . Hindi nabahaan Ang Bahay Ng nag HATI HATI sa Pera Ng bayan",Unknown,2025-07-23 00:40,Unknown,https://www.facebook.com/UNTVNewsRescue/posts/pfbid02PGFBGbsbKuB4sDtnkEBXvLxpmCrWYya9QKJwgXj8MsJ55UG8Xv17rnYET2Hdynqvl?comment_id=1441902780386170&__cft__[0]=AZVm_9rdAalnJxQql756DVZWwtKii5TJSzVV2bol4nAOV_J7QajlXEOiCuPW8tFLzxSFOiAJ14Mkm8uxhRbK7ITnkyjMf-OY-kOqdgpLJc3-C8og6EvEKkE_hM3oJc5xnyJAFTfuaP_M5zMtJz-jISQmuuKRO06RiP-sAWBbUg5SS8yzkjWGVih_2kavzV_SCu2EueXD4F2DRjt6GRfYwsF8EC2hb1Fe8e3PXrU1QiJexQ&__tn__=R-R
Page,DavaoDRRMO,"𝐂𝐃𝐑𝐑𝐌𝐎-𝐎𝐏𝐂𝐄𝐍 𝐖𝐄𝐀𝐓𝐇𝐄𝐑 𝐔𝐏𝐃𝐀𝐓𝐄:
As of 10:35 PM | July 22, 2025
𝐖𝐞𝐚𝐭𝐡𝐞𝐫 𝐒𝐲𝐬𝐭𝐞𝐦: 𝙎𝙤𝙪𝙩𝙝𝙬𝙚𝙨𝙩 𝙈𝙤𝙣𝙨𝙤𝙤𝙣
Areas within Davao City are experiencing partly cloudy to cloudy weather conditions.
All river channels are monitored at 𝐂𝐎𝐃𝐄 𝐆𝐑𝐄𝐄𝐍 (𝘚𝘢𝘧𝘦 𝘓𝘦𝘷𝘦𝘭).
𝐂𝐎𝐀𝐒𝐓𝐀𝐋 𝐒𝐓𝐀𝐓𝐔𝐒:
> Calm seas
> Going high tide
#𝗪𝗲𝗮𝘁𝗵𝗲𝗿𝗨𝗽𝗱𝗮𝘁𝗲
#𝗗𝗮𝘃𝗮𝗼𝗖𝗶𝘁𝘆𝗗𝗥𝗥𝗠𝗢 𝐂𝐃𝐑𝐑𝐌𝐎-𝐎𝐏𝐂𝐄𝐍 𝐖𝐄𝐀𝐓𝐇𝐄𝐑 𝐔𝐏𝐃𝐀𝐓𝐄: As of 10:35 PM | July 22, 2025 𝐖𝐞𝐚𝐭𝐡𝐞𝐫 𝐒𝐲𝐬𝐭𝐞𝐦: 𝙎𝙤𝙪𝙩𝙝𝙬𝙚𝙨𝙩 𝙈𝙤𝙣𝙨𝙤𝙤𝙣 Areas within Davao City are experiencing partly cloudy to cloudy weather conditions. All river channels are monitored at 𝐂𝐎𝐃𝐄 𝐆𝐑𝐄𝐄𝐍 (𝘚𝘢𝘧𝘦 𝘓𝘦𝘷𝘦𝘭). 𝐂𝐎𝐀𝐒𝐓𝐀𝐋 𝐒𝐓𝐀𝐓𝐔𝐒: > Calm seas > Going high tide #𝗪𝗲𝗮𝘁𝗵𝗲𝗿𝗨𝗽𝗱𝗮𝘁𝗲 #𝗗𝗮𝘃𝗮𝗼𝗖𝗶𝘁𝘆𝗗𝗥𝗥𝗠𝗢",Unknown,2025-07-23 00:40,Unknown,https://www.facebook.com/DavaoDRRMO/posts/pfbid0mZx1SdMzE3kNpXUPSMBDhLd8aXUEFquZcjfhNFaSKptuoSvgkjxhKfSykgmoH7Ccl?__cft__[0]=AZUB0Lk81VwZ5s4dgVqxVGgmsrNddAdlQgDgmsnrY0TLiymhbFEVCJ7sXuCy-mzaIKkmvioGBEGRzCIX2btZ5lLhVbcghdlc7eaUU7xG4TDO1zbd_Q6iTggjcyczQQZWzpzP2suuGvnW8RRD1zfEm4ItR9akcN_y-lv-rYmVX_52VxiBjuJYiFG6GF4-LPZbkU0&__tn__=%2CO%2CP-R
Page,PHIVOLCS,"#EarthquakePH #EarthquakeNegrosOccidental
Earthquake Information No.1
Date and Time: 23 July 2025 - 12:20 AM
Magnitude = 2.0
Depth = 033 km
Location = 09.64°N, 122.48°E - 004 km N 26° E of Hinoba-an (Negros Occidental)
https://earthquake.phivolcs.dost.gov.ph/.../2025_0722... #EarthquakePH #EarthquakeNegrosOccidental Earthquake Information No.1 Date and Time: 23 July 2025 - 12:20 AM Magnitude = 2.0 Depth = 033 km Location = 09.64°N, 122.48°E - 004 km N 26° E of Hinoba-an (Negros Occidental) https://earthquake.phivolcs.dost.gov.ph/.../2025_0722...",Unknown,2025-07-23 00:40,Unknown,https://www.facebook.com/PHIVOLCS/posts/pfbid035AWvHLTiQe2vSHHHFuQrwJQUHL3d57v9zYqon3wgv39hWqdUes26V4Gw9vFoYxEQl?__cft__[0]=AZWaOp-xxjGQ854XVHFbOQyUxzpg8jrzsdZVZiL4ZZ_FckJmTi4xiBcYxj5zyLxeVkhpaQRGqypJ2-LgB7kyRZfpAJ8uJJo8ahPg9TmFMrmmzk7R_LH2zgeZcbZN5vqwvzxa6oqwpQ2M1fm19OM7ybq_oSqMsOWv1NNU_V5GimgIA9c3-tXZp5rJpbXaOrS8R_E&__tn__=%2CO%2CP-R
Page,abscbnNEWS,"WEATHER UPDATE: 6:10 AM, July 23, 2025 (Wednesday) #WeatherPatrol #DantePH #Habagat #WalangPasok WEATHER UPDATE: 6:10 AM, July 23, 2025 (Wednesday) #WeatherPatrol #DantePH #Habagat #WalangPasok Good morning po Good morning Maupan at maulap na umaga kuya ariel Good morning",Unknown,2025-07-23 06:10,Unknown,https://www.facebook.com/abscbnNEWS/
Page,gmanews,"Lubog ngayon sa baha ang buong bayan ng Calumpit sa Bulacan at inaasahan pang palalalain ng high tide sa Miyerkoles, July 23.
Ang ilang residente na halos masanay na sa baha, umaasang matutuloy na ang flood control project sa kanilang bayan. Lubog ngayon sa baha ang buong bayan ng Calumpit sa Bulacan at inaasahan pang palalalain ng high tide sa Miyerkoles, July 23. Ang ilang residente na halos masanay na sa baha, umaasang matutuloy na ang flood control project sa kanilang bayan. ""You deserve what you tolerate"" ika nga. Hindi magbabago yan hangga't tanggap niyo na ninanakawan kayo ng flood control projects.",Unknown,2025-07-23 06:10,Unknown,https://www.facebook.com/gmanews/
Page,gmanews,"""You deserve what you tolerate"" ika nga. Hindi magbabago yan hangga't tanggap niyo na ninanakawan kayo ng flood control projects.",Unknown,2025-07-23 06:10,Unknown,https://www.facebook.com/gmanews/
Page,pagasa.dost.gov.ph,"Press Briefing -Tropical Depression Dante at 5AM | July 23, 2025 - Wednesday
DOST-PAGASA   Weather Specialist: Loriedin De La Cruz-Galicia
#weatherreport  #dostpagasa 
#TropicalCycloneUpdate
#DantePH Press Briefing -Tropical Depression Dante at 5AM | July 23, 2025 - Wednesday DOST-PAGASA   Weather Specialist: Loriedin De La Cruz-Galicia #weatherreport  #dostpagasa #TropicalCycloneUpdate #DantePH",Unknown,2025-07-23 06:10,Unknown,https://www.facebook.com/PAGASA.DOST.GOV.PH/
Page,abscbnNEWS,"WEATHER UPDATE: 6:10 AM, July 23, 2025 (Wednesday) #WeatherPatrol #DantePH #Habagat #WalangPasok WEATHER UPDATE: 6:10 AM, July 23, 2025 (Wednesday) #WeatherPatrol #DantePH #Habagat #WalangPasok Wala nang ulan dito sa Makati Good morning Day po Maulan na Umaga po Im Annamie Parajes Albino po from Sta Cruz Manila City po CamNorte lang malakas Good Morning Po",Unknown,2025-07-23 06:15,Unknown,https://www.facebook.com/abscbnNEWS/
Page,gmanews,"State weather bureau PAGASA has issued orange and yellow rainfall warnings over some parts of Luzon as of 5:00 AM today, July 23, 2025. 
Courtesy: PAGASA State weather bureau PAGASA has issued orange and yellow rainfall warnings over some parts of Luzon as of 5:00 AM today, July 23, 2025. Courtesy: PAGASA",Unknown,2025-07-23 06:15,Unknown,https://www.facebook.com/gmanews/posts/pfbid0jK1KTdSD7HQpBv69gPWjsBvt6oyPporwB7nxRSG2eVJj1pSCRN8tYau4ugxQdkKTl?__cft__[0]=AZVi82o8aU-Aa2yotGhTI3rvxSp2iLZ1jKdprNNN3gzDW95rNun4ccD19aHSWQDtmbEUdOJf3-e1i6tm7hRk0abEIHaVeJsoEUJImbeHy41sHBnCNgALvQbhjo_D_c_PYfqaviZ9YbeXBFqlYNS7mxaVuMlbN7M58M6P328pzBnZP1MZx_kbWCoSK-7YiSU9dno&__tn__=%2CO%2CP-R
Page,inquirerdotnet,Tip from Australian police leads to rescue of sexual abuse victims Tip from Australian police leads to rescue of sexual abuse victims,Unknown,2025-07-23 06:15,Unknown,https://www.facebook.com/inquirerdotnet/posts/pfbid02nEcFV9e3SCyNiVcyW3hmQD9FZ7StBUMRtNTKdsJC8HHndnJd3z2dSgaZqEUmXbP8l?__cft__[0]=AZVw-ZSg6X7jkFFVXMWQbw6FvwZkMMzfchSQDltuwwnFXWyGx2Akvm6824sYMrLAxthLxFcy1KnxUdzbgPrafcz0N9fAjLORf20u53FA-kkqcWBbMcFo1mwdgJ-5SX7DEzF5L7cBEPELnqQdV4WHwX2OLxy_l_lm7q8oLz2olwDc6T2RP6w9cd6Mi6BgtpFKxm4&__tn__=%2CO%2CP-R
Page,rapplerdotcom,"#WeatherAlert: PAGASA says Tropical Depression Dante's maximum sustained winds increased to 55 km/h on Tuesday evening, July 22. The enhanced southwest monsoon will still trigger rain. #DantePH #HabagatPH #WeatherAlert: PAGASA says Tropical Depression Dante's maximum sustained winds increased to 55 km/h on Tuesday evening, July 22. The enhanced southwest monsoon will still trigger rain. #DantePH #HabagatPH Goshhh",Unknown,2025-07-23 06:30,Unknown,https://www.facebook.com/rapplerdotcom/posts/pfbid0Vi5A5ZEJZw9ubPRjnV9y877BwdaswoYbTg6uZ7CvHgqNUhjbgi1ts9xBgMUcaR7cl?__cft__[0]=AZWR5dYuz21mepg8dBbmnt9L8YDMC-HeFmUjPD9qVrPY3dGbbloRg0aJiGHmqJB4pDoJf8aEXO0bb8MtXAzi7OW8kHrvNexPpbPVs5XTP7tyYc9jIKMwl0OAzNFv9A-0FyMTk6VBMJqfT_CpAFmo-lLCaHl6cFdfmiAE8tGQrRNMxHgfXo36rlrDIquuGOphjDo&__tn__=%2CO%2CP-R
Page,UNTVNewsRescue,"Ipinag-utos kahapon ni AFP Chief of Staff Gen. Romeo Brawner Jr. ang paggamit sa mga EDCA sites bilang command and control hub.
Magiging sentro ito ng isinasagawang humanitarian assistance and disaster response sa mga pagbaha dulot ng sama ng panahon. Ipinag-utos kahapon ni AFP Chief of Staff Gen. Romeo Brawner Jr. ang paggamit sa mga EDCA sites bilang command and control hub. Magiging sentro ito ng isinasagawang humanitarian assistance and disaster response sa mga pagbaha dulot ng sama ng panahon. Buti pinagbigyan pkiusap ni gibu",Unknown,2025-07-23 06:30,Unknown,https://www.facebook.com/UNTVNewsRescue/posts/pfbid0Dp1d4S18LzMRnS66pcJec5CbJmiJMDQsJDWYD9EZKRiFeD4SLdZBXuGgt8Nx9iMBl?__cft__[0]=AZWa7LBVP0pqR0nMHNISVcX1wxzF4CJ2vOh06MH8-PUrMC8_W0MURB7Ns7Stpo3iQk6s9y4B8wvoprass-MAKqMwvnr8e6Eim4ZlChXvO6sq4v3tOwFMh1kRZH2KrxjvcDJQz_oqZKSEtfYhs61fAwXZ1kPie4r7jVSB82F-0Y2Uw-M0zZkUnI7b3k71RD6z3DM&__tn__=%2CO%2CP-R
Page,PHIVOLCS,"BULKANG TAAL
Buod ng 24 oras na pagmamanman
23 Hulyo 2025 alas-12 ng umaga 
#TaalVolcano
Filipino: 
https://phivolcs.dost.gov.ph/.../32494-bulkang-taal-buod...
English: 
https://phivolcs.dost.gov.ph/.../32495-taal-volcano...
Volcano: Taal
Alert Level: 1
Status Alert Level: Bahagyang aktibidad 
Volcanic Earthquake: 0 volcanic earthquakes 
Sulfur Dioxide Flux(SO2): 504 tonelada / araw (15 Hulyo 2025) 
pH: 0.3 (19 February 2025) 
Temperature: 68.7 ℃ (15 April 2025) 
Plume (Steaming): Mahinang pagsingaw; napadpad sa hilagang-silangan 
Ground Deformation: Pangmatagalang pag-impis ng kalakhang Taal Caldera na may panandaliang pamamaga ng timog silangang bahagi ng Taal Volcano Island BULKANG TAAL Buod ng 24 oras na pagmamanman 23 Hulyo 2025 alas-12 ng umaga #TaalVolcano Filipino: https://phivolcs.dost.gov.ph/.../32494-bulkang-taal-buod... English: https://phivolcs.dost.gov.ph/.../32495-taal-volcano... Volcano: Taal Alert Level: 1 Status Alert Level: Bahagyang aktibidad Volcanic Earthquake: 0 volcanic earthquakes Sulfur Dioxide Flux(SO2): 504 tonelada / araw (15 Hulyo 2025) pH: 0.3 (19 February 2025) Temperature: 68.7 ℃ (15 April 2025) Plume (Steaming): Mahinang pagsingaw; napadpad sa hilagang-silangan Ground Deformation: Pangmatagalang pag-impis ng kalakhang Taal Caldera na may panandaliang pamamaga ng timog silangang bahagi ng Taal Volcano Island",Unknown,2025-07-23 06:30,Unknown,https://www.facebook.com/PHIVOLCS/posts/pfbid02DjkXfJfkhrsY8JpFcovx2d6rV2HCqEB56jVSnVD45m5X9PoFu5tP99rco63NT2Qml?__cft__[0]=AZWTZVWj5VJ139Y5BFnXLrWiBX2GjC57VfMtySrIKjjG6ZyCBU7SK6ZwJkbHEkIIK_bRqkxMEvyrkiKRpI57sdKk5HRoO2AhFCX9DRdXOHYJsIlisKsjkIlPoyuRo64-c6-XTFuXcHD_4F5-emvtZDnsebYMVLW5i2SKO8HDenG752ACWC9eYYC2hQ3ktvQo4aE&__tn__=%2CO%2CP-R
Page,gmanews,"State weather bureau PAGASA has issued a yellow rainfall warning over Ilocos Sur and Pangasinan as of 5:00 AM today, July 23, 2025. 
Courtesy: PAGASA State weather bureau PAGASA has issued a yellow rainfall warning over Ilocos Sur and Pangasinan as of 5:00 AM today, July 23, 2025. Courtesy: PAGASA safe kayo may flood control ok lang yan
daming ginastos para sa flood control so for sure safe kayo",Unknown,2025-07-23 06:43,Unknown,https://www.facebook.com/gmanews/posts/pfbid02XJu9zbraFRiN5ssGxXvSnnxRYNeCKrhTuEuoboR5rAV6pJd4Qi4R85zszgDbLpmMl?__cft__[0]=AZUzQcIg6j6hdUT_BPgAkJ2uA7JKt563JpnufDnlRri0ODiiBXldul0UNUJI3eHUOgRj0qbgPubAnotiNFiXM22Foh9iG_4QeLYNyx7XrkDhCFSu8JvAwRz1zYMwccm9u7LFjXopQ6BlbPsbuGuBHaLoza0kacDe9Walq2r0U-yKojBgMRsocvdCYBmwrGbjgKE&__tn__=%2CO%2CP-R
Page,gmanews,"safe kayo may flood control ok lang yan
daming ginastos para sa flood control so for sure safe kayo",Unknown,2025-07-23 06:43,Unknown,https://www.facebook.com/gmanews/posts/pfbid02XJu9zbraFRiN5ssGxXvSnnxRYNeCKrhTuEuoboR5rAV6pJd4Qi4R85zszgDbLpmMl?comment_id=816697460872096&__cft__[0]=AZUzQcIg6j6hdUT_BPgAkJ2uA7JKt563JpnufDnlRri0ODiiBXldul0UNUJI3eHUOgRj0qbgPubAnotiNFiXM22Foh9iG_4QeLYNyx7XrkDhCFSu8JvAwRz1zYMwccm9u7LFjXopQ6BlbPsbuGuBHaLoza0kacDe9Walq2r0U-yKojBgMRsocvdCYBmwrGbjgKE&__tn__=R-R
Page,NDRRMC,"Press Briefing -Tropical Depression Dante at 5AM | July 23, 2025 - Wednesday
DOST-PAGASA   Weather Specialist: Loriedin De La Cruz-Galicia
#weatherreport  #dostpagasa 
#TropicalCycloneUpdate
#DantePH Press Briefing -Tropical Depression Dante at 5AM | July 23, 2025 - Wednesday DOST-PAGASA   Weather Specialist: Loriedin De La Cruz-Galicia #weatherreport  #dostpagasa #TropicalCycloneUpdate #DantePH 𝚃𝚑𝚊𝚗𝚔 𝚢𝚘𝚞 𝚜𝚊 𝚞𝚙𝚍𝚊𝚝𝚎...",Unknown,2025-07-23 06:43,Unknown,https://www.facebook.com/NDRRMC/
Page,NDRRMC,"DAM ADVISORY | Hydrological Situationer for La Mesa Dam #8
Issued at 6AM, 23 July 2025
#NDRRMC 
#BawatSegundoMahalaga DAM ADVISORY | Hydrological Situationer for La Mesa Dam #8 Issued at 6AM, 23 July 2025 #NDRRMC #BawatSegundoMahalaga",Unknown,2025-07-23 06:45,Unknown,https://www.facebook.com/NDRRMC/posts/pfbid0oUaYDvugfMd7y5pSGXMDVmFMspCPo8PUGTBNFkjfe57kUpHhfWy2CbRjTvBQNgB1l?__cft__[0]=AZV-NBk89QKGhfzrU6s7XfO6d16WZiEUyczz-snLuxYDOCUtjWr_5foVa6n-uxu0UGtC64sIq92eDWfj5JzR9ylAo-xGqRBwLUxFd378MDtuhF-ofxAxVBq0c1T3BzK_AAB1BuNpSNprMT1dbdGGSyWeQAE0euK7RI7VBpH3s_6iSBmbJ2EwREiw0K7Zrap0VD8&__tn__=%2CO%2CP-R
Page,UNTVNewsRescue,"- Bagyong Dante, napanatili ang lakas; Ilang probinsya at bayan sa bansa, nagdeklara ng state of calamity dahil sa naging epekto ng pinagsamang bagyong Crising at Habagat 
- P339.3-M halaga ng pinsala sa agrikultura, iniwan ng bagyong Crising at Habagat; 9 national roads, hindi madaanan 
- Usapin hinggil sa PH-US trade deal, malapit nang matapos - Bagyong Dante, napanatili ang lakas; Ilang probinsya at bayan sa bansa, nagdeklara ng state of calamity dahil sa naging epekto ng pinagsamang bagyong Crising at Habagat - P339.3-M halaga ng pinsala sa agrikultura, iniwan ng bagyong Crising at Habagat; 9 national roads, hindi madaanan - Usapin hinggil sa PH-US trade deal, malapit nang matapos",Unknown,2025-07-23 06:45,Unknown,https://www.facebook.com/UNTVNewsRescue/posts/pfbid02ggL4q5R7pQ5XkFg4PotpEnqhykSmHyraFYBQpenNWRTwdpRgq5EBcPakLFk2tV2Jl?__cft__[0]=AZW_wQQgMbhiWl16zYhGyrcvSsHpnlDSJqiZtTQ_NQABA7l3foKE2KVQCmwkEdHINpxR2VqmcPF1oAYiiJLHQCab5CxR2evvXlHXjXE86W_xCInqTV-Zaj67eKH02uORFGLdG3MzI5JGKRfMEimzZRtW8C3pxDo4KPwd0-cl6nGsX8lFEzCezCGLHSRRV_LU50A&__tn__=%2CO%2CP-R
Page,PHIVOLCS,"#EarthquakePH #EarthquakeLeyte
#iFelt_LeyteEarthquake
Earthquake Information No.1
Date and Time: 23 July 2025 - 06:29 AM
Magnitude = 3.2
Depth = 002 km
Location = 11.32°N, 124.58°E - 008 km N 65° W of Capoocan (Leyte)
Reported Intensities:
Instrumental Intensity:  
Intensity II - Carigara, LEYTE
Intensity I - Leyte, LEYTE
https://earthquake.phivolcs.dost.gov.ph/.../2025_0722... #EarthquakePH #EarthquakeLeyte #iFelt_LeyteEarthquake Earthquake Information No.1 Date and Time: 23 July 2025 - 06:29 AM Magnitude = 3.2 Depth = 002 km Location = 11.32°N, 124.58°E - 008 km N 65° W of Capoocan (Leyte) Reported Intensities: Instrumental Intensity: Intensity II - Carigara, LEYTE Intensity I - Leyte, LEYTE https://earthquake.phivolcs.dost.gov.ph/.../2025_0722...",Unknown,2025-07-23 06:45,Unknown,https://www.facebook.com/PHIVOLCS/posts/pfbid05rGgZYz1CKGZqS2N2XTY6kWh8LPAEghCZ9KvJb2GSh8W42rF2gCS7rC3TT9gMDFfl?__cft__[0]=AZXmL_3NoywKVKrAPh6bV8iaTsmtbBcsABC-sAYngtdXC3MH3BhIwNV_NnrsWEkfQMiaV4et_bMKS-BYudmYKDcF0x0MKFuQp388dhA8GU559bOq3sx0_LfCEKH5FHnrzdrWwHDc6VhmAA_JYffdFdMOBQPavOumFHZJnvJGsgYNcBNqKM5Dkn_HBEP434rRzVs&__tn__=%2CO%2CP-R
Page,gmanews,"State weather bureau PAGASA also issued orange and yellow rainfall warnings over some parts of Visayas as of 5:00 AM today, July 23, 2025. 
Courtesy: PAGASA State weather bureau PAGASA also issued orange and yellow rainfall warnings over some parts of Visayas as of 5:00 AM today, July 23, 2025. Courtesy: PAGASA hndi kasali metro manila",Unknown,2025-07-23 07:00,Unknown,https://www.facebook.com/gmanews/posts/pfbid02srboA7XJcuupN8zFQy9wVx1n8Dioo7oq6Vp7zr4naDZNoWLY75g2984REVKjv1iol?__cft__[0]=AZXw2nHcm8wIjnzXipUUMWKxccYgsmVQvMsz6qVM4b7SaFkpDBk1Fzk5yfGCHfAxyWUhMLdkPllZ5ouOCN96KEQmHI9CHX4KkfUO9fe5vved_Qhllde6a-xRC7fcJqUR8-Kc1H88HQRdVMmeQtgODDswxPvqP2vHHOCwUV7VJUZi0VZxybWN_efL7M1_ftkT1N4&__tn__=%2CO%2CP-R
Page,NDRRMC,"DAM ADVISORY | Hydrological Situationer for La Mesa Dam #8
Issued at 6AM, 23 July 2025
#NDRRMC 
#BawatSegundoMahalaga DAM ADVISORY | Hydrological Situationer for La Mesa Dam #8 Issued at 6AM, 23 July 2025 #NDRRMC #BawatSegundoMahalaga Thank you.",Unknown,2025-07-23 07:00,Unknown,https://www.facebook.com/NDRRMC/posts/pfbid0oUaYDvugfMd7y5pSGXMDVmFMspCPo8PUGTBNFkjfe57kUpHhfWy2CbRjTvBQNgB1l?__cft__[0]=AZUwa7QshGhFQAilZ_4mpPMdCmucEl2hJ694KaguIUdAgBAk0Hv8N_cNci499U5_I0KfLig8HQsUc_-Lbs9sLlhjvYCZc0pku7aIKHYvLmr11MmIzws1vuNODPt5MbtvtZIRcvzlcOCrNBUb-kWypF0l8ING7Rb9qSrRXyhhfUh6z78fiXVaIZJZDxIWJM1raRk&__tn__=%2CO%2CP-R
Page,UNTVNewsRescue,"Nasa P339.3 million pesos na halaga sa agrikultura ang nasira dahil sa nagdaang bagyong Crising at Habagat, batay sa partial report ng National Irrigation Administration o NIA kahapon. Nasa P339.3 million pesos na halaga sa agrikultura ang nasira dahil sa nagdaang bagyong Crising at Habagat, batay sa partial report ng National Irrigation Administration o NIA kahapon. Makakatulong sana kong hindi sinayan ni joel chua ang 19 million na public fund's pinagawang building sa mga nangketa sa manila kaya giniba ni yorme.",Unknown,2025-07-23 07:00,Unknown,https://www.facebook.com/UNTVNewsRescue/posts/pfbid02W3jFWpBaEyysvN1gKur7TLMtYk23u1cETuwvXTqWziitkjZoa3maYtU5b3BTLnMJl?__cft__[0]=AZX10-PU5Nwh8cRpPsYgQTwpTVup0boEjFBnZfGavLRrTgOsOXThSv1JpvDY0RKsC6lCPbqWbYgYzjakFYnRyUa9v1Ga2rZb-TLo09I6wKDxQ_fvSxRD6vecWtKLuBQo4vYA-KV1NWIQXyjpJHzfyGDuOnQB-JGeaJP_VywouTCMnM0_uXg_csiRqENMX4hTTFo&__tn__=%2CO%2CP-R
Page,gmanews,"State weather bureau PAGASA also issued orange and yellow rainfall warnings over some parts of Visayas as of 5:00 AM today, July 23, 2025. 
Courtesy: PAGASA State weather bureau PAGASA also issued orange and yellow rainfall warnings over some parts of Visayas as of 5:00 AM today, July 23, 2025. Courtesy: PAGASA hndi kasali metro manila Maria Teresita Donayre Abayon mag basa ka muna please lang!! Sayang ang ganda mo kung walang laman ang utak m0!",Unknown,2025-07-23 07:03,Unknown,https://www.facebook.com/gmanews/posts/pfbid02srboA7XJcuupN8zFQy9wVx1n8Dioo7oq6Vp7zr4naDZNoWLY75g2984REVKjv1iol?__cft__[0]=AZV-MyDEDndXnq3JYPxkZ5w7W7Y0a60ihZKMrmGF5nlsJwzu2oh-8VDvi1l5kTIg2TK_OPbvPjngRo8kpQZ4V7r8kC38tpZdsCLRYn3hisjLbMD_lkMt2KfVXBtu_dwo28y0_AOD0_qGIxnAMtZ9yVeqkylxknIEPDUMC75glGmI0pDt_HhjFIs5fLuG_-6PIR0&__tn__=%2CO%2CP-R
Page,pagasa.dost.gov.ph,"Flood Bulletin No. 5 for Pampanga River Basin
Issued at 6:00 AM, 23 July 2025 Flood Bulletin No. 5 for Pampanga River Basin Issued at 6:00 AM, 23 July 2025",Unknown,2025-07-23 07:03,Unknown,https://www.facebook.com/PAGASA.DOST.GOV.PH/posts/pfbid0kFPk6ZHySPdGwPQybiw5UWPshXT4ZPV5MeQ52XkEiQBUMuqJKdLcsi1CtnRU2JWnl?__cft__[0]=AZWPXyAHF--rhaaUUJ4EIcZIR_TwcsAtIUOr0B2-WRcL34Z2j92uvTFUXMvXHlXwVhXnS8PmO9yyERadjU_pcZEJ5OJIvWmjCDcdZgK9TrnuHWf7Z1TfAPbzkwImsXMEMGMgerXDdjL-Sc_5P2TVuG-CapjVS23u5aLY5e4etiincjTi7rA1_NHeLdEaThAXtJI&__tn__=%2CO%2CP-R
Page,NDRRMC,"DAM ADVISORY | Hydrological Situationer for La Mesa Dam #8
Issued at 6AM, 23 July 2025
#NDRRMC 
#BawatSegundoMahalaga DAM ADVISORY | Hydrological Situationer for La Mesa Dam #8 Issued at 6AM, 23 July 2025 #NDRRMC #BawatSegundoMahalaga Keep safe po",Unknown,2025-07-23 07:03,Unknown,https://www.facebook.com/NDRRMC/posts/pfbid0oUaYDvugfMd7y5pSGXMDVmFMspCPo8PUGTBNFkjfe57kUpHhfWy2CbRjTvBQNgB1l?__cft__[0]=AZWnCeOn31vmQwFfDAK7X3WoV9xDdcJykRg-OabiXoVXAAfWe1jfcX1N_yQ9I_Q3ht0M8SKymEyxeSx7aTsQ5Bedc5qtXstlYFJ_cKY6XlNOKNR679HI0scsc1ksE0LsNKfxVEHNrX7tI-CUw5Lokne-a4nGlfX7xW_2oEGvZ4kk7-82XNffYv0kYyTZdkwuOUM&__tn__=%2CO%2CP-R
Page,UNTVNewsRescue,"Nasa P339.3 million pesos na halaga sa agrikultura ang nasira dahil sa nagdaang bagyong Crising at Habagat, batay sa partial report ng National Irrigation Administration o NIA kahapon. Nasa P339.3 million pesos na halaga sa agrikultura ang nasira dahil sa nagdaang bagyong Crising at Habagat, batay sa partial report ng National Irrigation Administration o NIA kahapon. Sisiw sa ayuda billion",Unknown,2025-07-23 07:03,Unknown,https://www.facebook.com/UNTVNewsRescue/posts/pfbid02W3jFWpBaEyysvN1gKur7TLMtYk23u1cETuwvXTqWziitkjZoa3maYtU5b3BTLnMJl?__cft__[0]=AZU_uRko7uxjRFH52RbWTuGJgm--PXA-Ez9b1xdU4GV25rsHIzvXN7PlkU6oYVLWk30Cc6-fuwSlh7EgJNklDK6bSKV95brp-rmmBR8iWT9H5l8VydvhZixcB8FJfKA6bnelKc4c4zQXZMqqLcQPxr22UCiQWCskfq7wTs6ZfdmyYnHlAJLmuLtT3kFvVSWVMJk&__tn__=%2CO%2CP-R
Page,PHIVOLCS,"#EarthquakePH #EarthquakeSurigaoDelSur
Earthquake Information No.1
Date and Time: 23 July 2025 - 06:49 AM
Magnitude = 4.4
Depth = 010 km
Location = 09.36°N, 127.02°E - 091 km N 62° E of Bayabas (Surigao Del Sur)
https://earthquake.phivolcs.dost.gov.ph/.../2025_0722... #EarthquakePH #EarthquakeSurigaoDelSur Earthquake Information No.1 Date and Time: 23 July 2025 - 06:49 AM Magnitude = 4.4 Depth = 010 km Location = 09.36°N, 127.02°E - 091 km N 62° E of Bayabas (Surigao Del Sur) https://earthquake.phivolcs.dost.gov.ph/.../2025_0722...",Unknown,2025-07-23 07:03,Unknown,https://www.facebook.com/PHIVOLCS/posts/pfbid035iBqJ7LMdq4uwp7h9Qapu7HWiotqJVFWggnguEPnCUUtcXYrxxCSyi8vbhkuLM73l?__cft__[0]=AZVytxVpSVMfQv4b-J5b8RVkHQ-_IpaPT7fTk-04XRIw2hL6jzloK6PC3_vl_n1-XRaFcdbRqzweeJrB3p3_X9DJRp1WYUIy8gPDq4_NPrufEWUylJ4uxTwxRFy8WoHGyKOWnkvsNXsEaYOUw35m7AuqxQMt5la8u0B-xjJ5Np4XNlRZjgYuJGPbQy-U5gvpuDk&__tn__=%2CO%2CP-R
Page,abscbnNEWS,Tropical Depression #DantePH is expected reach tropical storm intensity on Wednesday. It will exit the Philippine area of responsibility by late Thursday or early Friday. #WeatherPatrol #ANCHeadstart Tropical Depression #DantePH is expected reach tropical storm intensity on Wednesday. It will exit the Philippine area of responsibility by late Thursday or early Friday. #WeatherPatrol #ANCHeadstart,Unknown,2025-07-23 09:32,Unknown,https://www.facebook.com/abscbnNEWS/
Page,gmanews,"A landslide was reported in Barangay Bagong Silangan, Quezon City early Wednesday morning, according to a report of GMA Integrated News’ James Agustin on Unang Balita. A landslide was reported in Barangay Bagong Silangan, Quezon City early Wednesday morning, according to a report of GMA Integrated News’ James Agustin on Unang Balita.",Unknown,2025-07-23 09:32,Unknown,https://www.facebook.com/gmanews/posts/1225462729625382?__cft__[0]=AZVGegpiVUyq7LmfuZ_4uf3Y5Yz8_eIE4yRowjnH_N1w2OAPWShzcjcZkzxBrlFDOwzL8Bg5isZytG82SQq1WazmWwhfzXmmH2i8mAB4x8QmLottggFxkhbSHebQI_tOZTFjEpsxiYCYRAFBiV898_aYKJs_PR3_27rTQRSr2MNAP8qs-m_uWWNagUwQD3Ze9No&__tn__=%2CO%2CP-R
Page,manilabulletin,"At least 12 people died while nine others were reported missing amid the heavy rains that continue to pound and trigger widespread flooding in almost all parts of the country since last week, the Philippine National Police (PNP) reported on Wednesday, July 23. At least 12 people died while nine others were reported missing amid the heavy rains that continue to pound and trigger widespread flooding in almost all parts of the country since last week, the Philippine National Police (PNP) reported on Wednesday, July 23. Dahil sa 1% kaya nangyari yan",Unknown,2025-07-23 09:32,Unknown,https://www.facebook.com/ManilaBulletin/posts/1197168952451309?__cft__[0]=AZVrGiGqwNUJ3lJFoy_PFAPjM520dI61EkEnqfYNphuKYGzhqFRfbMKHG1VJ8bs5Dztq_20-Dgfmhwv4iWK0_p5wrwvMzCEtkf8FDov3XtmrIf6S98Z8gqgo6eYrFLHuj5WGKiSZP_0dq20d7qv2TdtCB5SyRrPD-G5r2lITGHulAx4WEsrpU7QwF3L2F7CULbQ&__tn__=%2CO%2CP-R
Page,sunstarphilippines,Nagmahay na ang usa ka laborer nga nipatay sa iyang kaugalingong igsuon human nga nahuwasan na gikan sa impluwensiya sa ilimnong makahubog. Nagmahay na ang usa ka laborer nga nipatay sa iyang kaugalingong igsuon human nga nahuwasan na gikan sa impluwensiya sa ilimnong makahubog.,Unknown,2025-07-23 09:32,Unknown,https://www.facebook.com/SunStarPhilippines/posts/1189276499894534?__cft__[0]=AZUZnMpH5sZYuJjBu4tP-lIO41vYaLQO01chqABF1ZjwqgLf6rINKJu7mcBpQ6m5Yyhko9riku_zDnJ7xGmBYH56ZfInvta0U_4eWWjiUUcyrd5EcZlLwu2j0KMxJYqQ2HkHSSMgjbJLQ60vtwnqUPwiabSbewKH5MFmNMEwA4zZCO3JaKK4ktiiEMAHmma1jEc&__tn__=%2CO%2CP-R
Page,PhilstarNews,"MALABON PLACED UNDER STATE OF CALAMITY DUE TO FLOODS
Malabon City has been placed under a state of calamity following heavy rains, high tide, and damage to the Malabon-Navotas River Navigational Gate, Mayor Jeannie Sandoval announced Tuesday. 
The declaration allows the city to tap its Quick Response Fund for emergency operations. MALABON PLACED UNDER STATE OF CALAMITY DUE TO FLOODS Malabon City has been placed under a state of calamity following heavy rains, high tide, and damage to the Malabon-Navotas River Navigational Gate, Mayor Jeannie Sandoval announced Tuesday. The declaration allows the city to tap its Quick Response Fund for emergency operations.",Unknown,2025-07-23 09:32,Unknown,https://www.facebook.com/philstarnews/posts/1181480370689381?__cft__[0]=AZUCggQJL8JnjD-sYGbJ_if8_4xi_9Q3BdTkSjlSTxpS_eZ-r_EQYAWlEMQLrjechanDAaGsz4OuYXdSs17PfHT3STQqKpTSdJK5bC8Fxue0NH5Cwlt_kFInncS8hH7Zt07fMYhSy6ZyqHYHp5wh423hoQKc18ufBZ7dNlmY4t1celqi99HfvdBl0NtdtU-VIWU&__tn__=%2CO%2CP-R
Page,inquirerdotnet,"WATCH: Residents of Sapang Gody, Taytay, Rizal are still wading through knee-deep floodwaters as of 9 a.m. on Wednesday, July 23. | 
: Roi Joshua Baeta
•⁠ ⁠⁠Follow live updates here: https://inqnews.net/DantePH WATCH: Residents of Sapang Gody, Taytay, Rizal are still wading through knee-deep floodwaters as of 9 a.m. on Wednesday, July 23. | 
: Roi Joshua Baeta •⁠ ⁠⁠Follow live updates here: https://inqnews.net/DantePH",Unknown,2025-07-23 09:32,Unknown,https://www.facebook.com/inquirerdotnet/
Page,NDRRMC,"Maging Alerto, lalawigan ng #OccidentalMindoro!
NDRRMC(8:00 AM,23Jul25) Orange Rainfall Warning sa Occidental Mindoro. Nagbabanta ang matinding pag-ulan, pagbaha at pagguho ng lupa.
#NDRRMC #HeavyRainfall
#BawatSegundoMahalaga Maging Alerto, lalawigan ng #OccidentalMindoro! NDRRMC(8:00 AM,23Jul25) Orange Rainfall Warning sa Occidental Mindoro. Nagbabanta ang matinding pag-ulan, pagbaha at pagguho ng lupa. #NDRRMC #HeavyRainfall #BawatSegundoMahalaga Ibahagi at ikomento ang kalagayan sa inyong lugar, mag ingat po tayong lahat! NDRRMC di na po makalaot mga mangingisda..",Unknown,2025-07-23 09:32,Unknown,https://www.facebook.com/NDRRMC/posts/1054403370195896?__cft__[0]=AZWPyT0KV454d_72KV1ogMGb3cDEEvB9Xglsj1ObThQaUaghS3vw6neTClDWDQwrq0Mx51mcIwkB6fidNOX6BlGmkWbr62zT0T6q2xKUgQ2oaDGroCyTFH48Y6xyfdTgXx8W77b-zQ1A6eTAyJQiUdE0zehHSsgdhk5t-RjLG-1tTh34XmwCw6BmqGct6xjRRRI&__tn__=%2CO%2CP-R
Page,NDRRMC,"Ibahagi at ikomento ang kalagayan sa inyong lugar, mag ingat po tayong lahat!",Unknown,2025-07-23 09:32,Unknown,https://www.facebook.com/NDRRMC/posts/1054403370195896?comment_id=1100382721663027&__cft__[0]=AZWPyT0KV454d_72KV1ogMGb3cDEEvB9Xglsj1ObThQaUaghS3vw6neTClDWDQwrq0Mx51mcIwkB6fidNOX6BlGmkWbr62zT0T6q2xKUgQ2oaDGroCyTFH48Y6xyfdTgXx8W77b-zQ1A6eTAyJQiUdE0zehHSsgdhk5t-RjLG-1tTh34XmwCw6BmqGct6xjRRRI&__tn__=R-R
Page,UNTVNewsRescue,"Tunghayan ang mga pinakabagong Balita sa oras na ito.
Subscribe to our official YouTube channel, https://bit.ly/2ImmXOi
Be the first to know about the latest updates on local and global issues, news and current affairs, 911-UNTV Rescue and public services.
We Serve the People. We Give Glory To God!
#UNTV #UNTVNewsandRescue 
For updates, visit: https://www.untvweb.com/news/
Check out our official social media accounts:
https://www.facebook.com/UNTVNewsRescue
https://www.twitter.com/untvnewsrescue
https://www.youtube.com/untvnewsandrescue
https://www.tiktok.com/@untvnewsandrescue/
Instagram account - @untvnewsrescue
Feel free to share but do not re-upload. Tunghayan ang mga pinakabagong Balita sa oras na ito. Subscribe to our official YouTube channel, https://bit.ly/2ImmXOi Be the first to know about the latest updates on local and global issues, news and current affairs, 911-UNTV Rescue and public services. We Serve the People. We Give Glory To God! #UNTV #UNTVNewsandRescue For updates, visit: https://www.untvweb.com/news/ Check out our official social media accounts: https://www.facebook.com/UNTVNewsRescue https://www.twitter.com/untvnewsrescue https://www.youtube.com/untvnewsandrescue https://www.tiktok.com/@untvnewsandrescue/ Instagram account - @untvnewsrescue Feel free to share but do not re-upload. Salamat po sa Dios.",Unknown,2025-07-23 09:32,Unknown,https://www.facebook.com/UNTVNewsRescue/
Page,DavaoDRRMO,"𝐂𝐃𝐑𝐑𝐌𝐎-𝐎𝐏𝐂𝐄𝐍 𝐖𝐄𝐀𝐓𝐇𝐄𝐑 𝐔𝐏𝐃𝐀𝐓𝐄:
As of 07:33 AM | July 23, 2025
𝐖𝐞𝐚𝐭𝐡𝐞𝐫 𝐒𝐲𝐬𝐭𝐞𝐦: 𝙎𝙤𝙪𝙩𝙝𝙬𝙚𝙨𝙩 𝙈𝙤𝙣𝙨𝙤𝙤𝙣
Areas within Davao City are experiencing sunny weather conditions with partly cloudy skies.
All river channels are monitored at 𝐂𝐎𝐃𝐄 𝐆𝐑𝐄𝐄𝐍 (𝘚𝘢𝘧𝘦 𝘓𝘦𝘷𝘦𝘭).
𝐂𝐎𝐀𝐒𝐓𝐀𝐋 𝐒𝐓𝐀𝐓𝐔𝐒:
> Calm seas
> Going low tide
#𝗪𝗲𝗮𝘁𝗵𝗲𝗿𝗨𝗽𝗱𝗮𝘁𝗲
#𝗗𝗮𝘃𝗮𝗼𝗖𝗶𝘁𝘆𝗗𝗥𝗥𝗠𝗢 𝐂𝐃𝐑𝐑𝐌𝐎-𝐎𝐏𝐂𝐄𝐍 𝐖𝐄𝐀𝐓𝐇𝐄𝐑 𝐔𝐏𝐃𝐀𝐓𝐄: As of 07:33 AM | July 23, 2025 𝐖𝐞𝐚𝐭𝐡𝐞𝐫 𝐒𝐲𝐬𝐭𝐞𝐦: 𝙎𝙤𝙪𝙩𝙝𝙬𝙚𝙨𝙩 𝙈𝙤𝙣𝙨𝙤𝙤𝙣 Areas within Davao City are experiencing sunny weather conditions with partly cloudy skies. All river channels are monitored at 𝐂𝐎𝐃𝐄 𝐆𝐑𝐄𝐄𝐍 (𝘚𝘢𝘧𝘦 𝘓𝘦𝘷𝘦𝘭). 𝐂𝐎𝐀𝐒𝐓𝐀𝐋 𝐒𝐓𝐀𝐓𝐔𝐒: > Calm seas > Going low tide #𝗪𝗲𝗮𝘁𝗵𝗲𝗿𝗨𝗽𝗱𝗮𝘁𝗲 #𝗗𝗮𝘃𝗮𝗼𝗖𝗶𝘁𝘆𝗗𝗥𝗥𝗠𝗢",Unknown,2025-07-23 09:32,Unknown,https://www.facebook.com/DavaoDRRMO/posts/1182296487267999?__cft__[0]=AZXteuh977cSS-dZIrU9QP5pfgWttTW7QdYXIHvMfiGdneiow2Q8PxZzwUMDa74WHkFaDTs9Cef4C7gg2bgjLd3lU9uww39kQofmhUHEnJN2h5rucRgpjFX_076fbsNuKPA-6XurD-Nk4r9qYeSK0BF46Hu2R_2e3oBDpndzFbDOOfV04ewYOYtGkyU-z8zOdxo&__tn__=%2CO%2CP-R
Page,PHIVOLCS,"#EarthquakePH #EarthquakeSurigaoDelNorte
Earthquake Information No.1
Date and Time: 23 July 2025 - 08:33 AM
Magnitude = 1.6
Depth = 032 km
Location = 10.02°N, 126.26°E - 020 km S 90° E of Burgos (Surigao Del Norte)
https://earthquake.phivolcs.dost.gov.ph/.../2025_0723... #EarthquakePH #EarthquakeSurigaoDelNorte Earthquake Information No.1 Date and Time: 23 July 2025 - 08:33 AM Magnitude = 1.6 Depth = 032 km Location = 10.02°N, 126.26°E - 020 km S 90° E of Burgos (Surigao Del Norte) https://earthquake.phivolcs.dost.gov.ph/.../2025_0723...",Unknown,2025-07-23 09:32,Unknown,https://www.facebook.com/PHIVOLCS/posts/1064164612574169?__cft__[0]=AZXDtRaPDZJCK5Xm0VmWiy1BPJxjEcICmZo2WBLmkOFenmEEmhcsIl3LCLPTBl9nBDdE8qzJ_Uh1xuXLBpXRDiYRzRv6y_J2LMs1xxMjLQ-WXoZHQlN2SiPIBwuX-cTM143QfnA5c6KY7XEsWs9cPeuAOQLY4uo9VJlBEXCBDoqifiv_sDl8mUzP2yTSTx7MMYA&__tn__=%2CO%2CP-R
Hashtag,#EarthquakeAlert,"#EarthquakeAlert
A strong earthquake rocked Davao City on Friday afternoon, November 17, 2023.
More details to follow. 
Keep safe, everyone. 
#AllYouNeedToKnow #EarthquakeAlert A strong earthquake rocked Davao City on Friday afternoon, November 17, 2023. More details to follow. Keep safe, everyone. #AllYouNeedToKnow",Unknown,2025-07-23 09:32,Unknown,https://www.facebook.com/sunstardavaonews/posts/750136857154532?__cft__[0]=AZW4LYn0mSQJZ-c-BIVsLJxMwECaS6CvCjuZrR1QVetDdjt7ry4NLP6WzLJNQDLmCfo4ZB99bKPLlg-etjRj-qSHY1omUv3oAaEVK1YYmGxYwnQR2cUpcU_Okz_NwkO1bKAEo-DvsADtXK3V30sEhVkZBrKSjzlJGQUvZ4EWajuDXbctHi41TuPc_gTt1KYvR1s&__tn__=%2CO%2CP-R
Page,abscbnNEWS,"TINGNAN: Pagsagip sa mga residente at alaga nilang hayop sa gitna ng mataas na baha sa Quezon City nitong Martes. #FloodPatrol 
(
: BFP/ Facebook) TINGNAN: Pagsagip sa mga residente at alaga nilang hayop sa gitna ng mataas na baha sa Quezon City nitong Martes. #FloodPatrol (
: BFP/ Facebook)",Unknown,2025-07-23 12:37,Unknown,https://web.facebook.com/abscbnNEWS/posts/1229553055886615?__cft__[0]=AZUCUKldk-nhuVsslLJHbZo3fOkzKMt20mVDNA1Z2Yvnz4RN392m_MOnFYoSLXvG87q4WlRiGt04iYzsudsrxJYpPDkcigO9PjRyy5FDmCw04M9pjirPM_MGfMu44iFpASurNWOVySG5mXWRk8EEU1qhQBugsc77Y5cpa3RkoTNJY-5f1ljoQNLptvv7AeXOOMs&__tn__=%2CO%2CP-R
Page,gmanews,"""Pagdating pa lang nila, naisip ko na agad na ilibre ko 'yung kakainin nila. Nagulat ako na maluha-luha nu'ng narinig ko na isang order lang ng lugaw ang sinabi ni tatay.""
Marami ang naantig sa ginawa ng isang lugawan sa San Simon, Pampanga nang makita nilang naghahati-hati sa isang mangkok ng lugaw ang isang pamilya.
Sabi ng ilang netizens, ganitong kindness sana ang mamayani ngayong panahon ng kalamidad.
Panoorin ang video!
#GMAIntegratedNewsfeed ""Pagdating pa lang nila, naisip ko na agad na ilibre ko 'yung kakainin nila. Nagulat ako na maluha-luha nu'ng narinig ko na isang order lang ng lugaw ang sinabi ni tatay."" Marami ang naantig sa ginawa ng isang lugawan sa San Simon, Pampanga nang makita nilang naghahati-hati sa isang mangkok ng lugaw ang isang pamilya. Sabi ng ilang netizens, ganitong kindness sana ang mamayani ngayong panahon ng kalamidad. Panoorin ang video! #GMAIntegratedNewsfeed",Unknown,2025-07-23 12:37,Unknown,https://web.facebook.com/gmanews/
Page,manilabulletin,"Billy Joel is doing much better, the “Piano Man” singer wants fans to know.
In May, Joel canceled all his upcoming concerts across North America and England after being diagnosed with fluid buildup in his brain that has affected his “hearing, vision and balance.” The condition is called Normal Pressure Hydrocephalus, “a brain disorder that can affect brain-related abilities, including thinking and concentrating, memory, movement and more,” the Cleveland Clinic says.
Read the full article in the comments section below. #MBEntertainment Billy Joel is doing much better, the “Piano Man” singer wants fans to know.
In May, Joel canceled all his upcoming concerts across North America and England after being diagnosed with fluid buildup in his brain that has affected his “hearing, vision and balance.” The condition is called Normal Pressure Hydrocephalus, “a brain disorder that can affect brain-related abilities, including thinking and concentrating, memory, movement and more,” the Cleveland Clinic says.
Read the full article in the comments section below. #MBEntertainment Billy Joel is doing much better, the “Piano Man” singer wants fans to know. In May, Joel canceled all his upcoming concerts across North America and England after being diagnosed with fluid buildup in his brain that has affected his “hearing, vision and balance.” The condition is called Normal Pressure Hydrocephalus, “a brain disorder that can affect brain-related abilities, including thinking and concentrating, memory, movement and more,” the Cleveland Clinic says. Read the full article in the comments section below. #MBEntertainment",Unknown,2025-07-23 12:37,Unknown,https://web.facebook.com/ManilaBulletin/posts/1197285155773022?__cft__[0]=AZWbELoWFoHKOaV7iLYhfBP9aeOhtYcdfv2nFqG5GRZT2KBx9OcF9SFzpsJR0JnsnYo3dsFV323dJYhPDZJjjbjyrdgtLoPLemItQ4EABXB9x7NRXwkZNpLXmQ2q11-eZVd-CSPnfJUMISY_t0K9paqy5674xzvw_zCLBfb3At2Dds3ldKDzacJ0EXIAzEGb2MX00imQiqXjolecBmuCMJvsavOA95YFxfoKdaO19i2qWA&__tn__=%2CO%2CP-R
Page,PhilstarNews,"“Hanggang binti na ‘yung tuhod?”
This was how the reporter explained the viral mix-up during a live report on flooding in the City of Manila on Monday, July 21. | via Interaksyon “Hanggang binti na ‘yung tuhod?” This was how the reporter explained the viral mix-up during a live report on flooding in the City of Manila on Monday, July 21. | via Interaksyon",Unknown,2025-07-23 12:37,Unknown,https://web.facebook.com/philstarnews/posts/1181589794011772?__cft__[0]=AZW6RBfI4Qp5wfxNe3g2TSskIj3ImEmbLneyTXGyY6B_MET7UWB7NrqUvz0nPJ-xQZ7QlWfGiu_yKD6y7c6YgnHFwp9lq9POqvOvt1D3CJ8Pnr3aym7fyDCc1d4UivwicrTHy3cXT2V4ZHfMFzGJhtBORz5Hp34L273LAXzcI6jYyaidjIxzQvX5eG_flKKfyEg&__tn__=%2CO%2CP-R
Page,pagasa.dost.gov.ph,"TROPICAL CYCLONE BULLETIN NR. 1
Tropical Depression #EmongPH
Issued at 11:00 AM, 23 July 2025
Valid for broadcast until the next bulletin at 5:00 PM today.
THE LOW PRESSURE AREA WEST OF BABUYAN ISLANDS DEVELOPED INTO TROPICAL DEPRESSION “EMONG”.
Location of Center (10:00 AM): The center of Tropical Depression EMONG was estimated based on all available data at 115 km West Northwest of Laoag City, Ilocos Norte (18.7°N, 119.6°E). 
Intensity: Maximum sustained winds of 45 km/h near the center, gustiness of up to 55 km/h, and central pressure of 996 hPa. 
Present Movement: West southwestward at 35 km/h 
Extent of Tropical Cyclone Winds: Strong winds extend outwards up to 150 km from the center 
 TROPICAL CYCLONE WIND SIGNALS (TCWS) IN EFFECT
TCWS No. 1
Wind threat: Strong winds
Luzon
Ilocos Norte, the western portion of Ilocos Sur (Sinait, San Juan, Cabugao, Santo Domingo, Magsingal, Bantay, San Ildefonso, San Vicente, Santa Catalina, City of Vigan, Caoayan, Santa, Narvacan, Santa Maria, San Esteban, Santiago, City of Candon, Santa Lucia, Santa Cruz, Tagudin), the northwestern portion of La Union (City of San Fernando, San Juan, Bacnotan, Luna, Balaoan, Bangar, Bauang), and the western portion of Pangasinan (Dasol, Burgos, Agno, Bani, Bolinao, City of Alaminos, Mabini, Anda)
Warning lead time: 36 hours
Range of wind speeds: 39 to 61 km/h (Beaufort 6 to 7)
Potential impacts of winds: Minimal to minor threat to life and property
OTHER HAZARDS AFFECTING LAND AREAS
Heavy Rainfall Outlook
Refer to Weather Advisory No. 32 issued at 11:00 AM today for the heavy rainfall outlook due to EMONG and the Southwest Monsoon enhanced by EMONG and DANTE.
Severe Winds
The wind signals warn the public of the general wind threat over an area due to the tropical cyclone. Local winds may be slightly stronger/enhanced in coastal and upland/mountainous areas exposed to winds. Winds are less strong in areas sheltered from the prevailing wind direction.
• Minimal to minor impacts from strong winds are possible within any of the areas under Wind Signal No. 1.
Based on the current forecast scenario, the highest possible Wind Signal that may be hoisted is Wind Signal No. 2. Furthermore, should there be changes in the track forecast, the expansion of areas under Wind Signals to cover other localities in Northern Luzon is possible
The enhanced Southwest Monsoon will bring strong to gale-force gusts over the following areas (especially in coastal and upland areas exposed to winds):
• Today: Zambales, Bataan, Bulacan, Aurora, Metro Manila, CALABARZON, Bicol Region, MIMAROPA, Visayas, Zamboanga del Norte, Misamis Occidental, Lanao del Norte, Camiguin, Dinagat Islands, Davao Occidental, and Davao Oriental.
• Tomorrow (24 July): Central Luzon, Metro Manila, CALABARZON, Bicol Region, MIMAROPA, Visayas, Zamboanga del Norte, Misamis Occidental, Lanao del Norte, Camiguin, Davao Occidental, and Davao Oriental.
• Friday (25 July): Ilocos Region, Cordillera Administrative Region, Central Luzon, Metro Manila, Bicol Region, MIMAROPA, Visayas, Zamboanga del Norte, Misamis Occidental, Lanao del Norte, Camiguin, Davao Occidental, and Davao Oriental.
HAZARDS AFFECTING COASTAL WATERS
Up to rough seas over the following coastal waters:
• Up to 3.5 m: The western seaboards of Batanes, Babuyan Islands, Zambales, Bataan, and Lubang Island.
• Up to 3.0 m: The seaboards of Kalayaan Islands; the northern seaboard of Ilocos Norte; the western seaboards of Occidental Mindoro and Calamian Islands.
• Mariners of small seacrafts, including all types of motorbancas, are advised not to venture out to sea under these conditions, especially if inexperienced or operating ill-equipped vessels.
Up to moderate seas over the following coastal waters:
• Up to 2.5 m: The remaining seaboards of Babuyan Islands, Batanes, and Ilocos Region; the southern seaboard of Bataan; the western seaboards of Cavite, Batangas, and Palawan.
• Up to 2.0 m: The seaboards of Camarines Norte, Oriental Mindoro, Marinduque, and Romblon; the northern and eastern seaboards of Catanduanes and Northern Samar; the eastern seaboards of Albay, Sorsogon, Surigao del Sur, and Davao Oriental; the western seaboard of Masbate; the southern seaboard of Quezon; the remaining seaboards of Batangas, Occidental Mindoro, and Palawan; the northern seaboard of Camarines Sur.
• Mariners of motorbancas and similarly-sized vessels are advised to take precautionary measures while venturing out to sea and, if possible, avoid navigation under these conditions.
TRACK AND INTENSITY OUTLOOK
• EMONG is forecast to move generally southwestward today before looping over the West Philippine Sea tomorrow (24 July) due to its interaction with Tropical Storm DANTE. Afterwards, it will move generally northeastward while accelerating and pass close to Ilocos Region, Babuyan Islands and Batanes. On the track forecast, a landfall scenario over Ilocos Region, Babuyan Islands, and/or Batanes remains possible, especially if there are eastward shif",Unknown,2025-07-23 12:37,Unknown,https://web.facebook.com/PAGASA.DOST.GOV.PH/posts/1188381286666856?__cft__[0]=AZUIFb4jqjS8Zw55lLg_ehpOMR918WdFoSBXMmafE0PQhOosusV0E4j-iGmpkLxTfBHjKkNProkAAZRtgTKycnJTbbHlKYS7wqoTOK6c3Rhgz90PKlcuwc_6IEIGFDKccFkKkNc8F7kMkjb15_-Ka9i_9D15b1XOawMf8HbtwUb_V9070g0L6ht5js9exXt9G8E&__tn__=%2CO%2CP-R
Page,NDRRMC,"TROPICAL CYCLONE BULLETIN NR. 1
Tropical Depression ""Emong""
23 July 2025 11:00 AM
THE LOW PRESSURE AREA WEST OF BABUYAN ISLANDS DEVELOPED INTO TROPICAL DEPRESSION “EMONG”. 
The center of Tropical Depression EMONG was estimated based on all available data at 115 km West Northwest of Laoag City, Ilocos Norte. It is moving West southwestward at 45 km/h near the center, gustiness of up to 55 km/h, and central pressure of 996 hPa.
TROPICAL CYCLONE WIND SIGNALS (TCWS) IN EFFECT 
-Ilocos Norte
-the western portion of Ilocos Sur 
-the northwestern portion of La Union 
-western portion of Pangasinan 
Source: DOST-PAGASA
#NDRRMC
#BawatSegundoMahalaga
#DantePH TROPICAL CYCLONE BULLETIN NR. 1 Tropical Depression ""Emong"" 23 July 2025 11:00 AM THE LOW PRESSURE AREA WEST OF BABUYAN ISLANDS DEVELOPED INTO TROPICAL DEPRESSION “EMONG”. The center of Tropical Depression EMONG was estimated based on all available data at 115 km West Northwest of Laoag City, Ilocos Norte. It is moving West southwestward at 45 km/h near the center, gustiness of up to 55 km/h, and central pressure of 996 hPa. TROPICAL CYCLONE WIND SIGNALS (TCWS) IN EFFECT -Ilocos Norte -the western portion of Ilocos Sur -the northwestern portion of La Union -western portion of Pangasinan Source: DOST-PAGASA #NDRRMC #BawatSegundoMahalaga #DantePH Kirk Villanueva kapangalan ni ninong Yung bagyo haha",Unknown,2025-07-23 12:37,Unknown,https://web.facebook.com/NDRRMC/posts/1054519776850922?__cft__[0]=AZXuN5y41sMYd-J1sYf3lEzfJqDRR-J1-hulzNg7n1yLi8Fkt37p377jyMfVwXtQIKv63pM8kBV1qY4n8H4by4h8eqV-2DOduf4OHaTVFyZL_FDx0kYu-j7HCBskJyLSOZgKTkF_milTo8orLAPDImKTa_4hdQZUwMu9t5_t3vONwzYjWJU0OuEQK92nKGaLTK8&__tn__=%2CO%2CP-R
Page,NDRRMC,Kirk Villanueva kapangalan ni ninong Yung bagyo haha,Unknown,2025-07-23 12:37,Unknown,https://web.facebook.com/NDRRMC/posts/1054519776850922?comment_id=1262829384728587&__cft__[0]=AZXuN5y41sMYd-J1sYf3lEzfJqDRR-J1-hulzNg7n1yLi8Fkt37p377jyMfVwXtQIKv63pM8kBV1qY4n8H4by4h8eqV-2DOduf4OHaTVFyZL_FDx0kYu-j7HCBskJyLSOZgKTkF_milTo8orLAPDImKTa_4hdQZUwMu9t5_t3vONwzYjWJU0OuEQK92nKGaLTK8&__tn__=R-R
Page,UNTVNewsRescue,"Sisimulan na bukas ng Metropolitan Manila Development Authority o MMDA ang pagpapalaki sa inlet ng drainage sa ilalim ng Batasan Station ng MRT Line-7.  
Ito ay matapos ang naranasang matinding pagbaha sa Commonwealth Avenue noong Lunes. Sisimulan na bukas ng Metropolitan Manila Development Authority o MMDA ang pagpapalaki sa inlet ng drainage sa ilalim ng Batasan Station ng MRT Line-7. Ito ay matapos ang naranasang matinding pagbaha sa Commonwealth Avenue noong Lunes. Dapat po Bago p lng dumating ang tag ulan ay inayos nyo na po yan.",Unknown,2025-07-23 12:37,Unknown,https://web.facebook.com/UNTVNewsRescue/posts/1198911435610916?__cft__[0]=AZVi02UvoydntLJQzl-N5GzP7FUlhAmcdhL6oxA28ccCx8l1yy_7JVYfZw8XD9YXw15REyDkGBxFkOJEjy14DNXiwBGMMt5eoOBAkMULnznA1kfO8zysmWlbJu_8GdEfbdVsrSAW7APIiNvMtqUvym1BOQLMeyBBoCANsAxh_cxMBGHV3WxsRaDC2vBz5Fxk36E&__tn__=%2CO%2CP-R
Page,DavaoDRRMO,"𝐂𝐃𝐑𝐑𝐌𝐎-𝐎𝐏𝐂𝐄𝐍 𝐖𝐄𝐀𝐓𝐇𝐄𝐑 𝐔𝐏𝐃𝐀𝐓𝐄:
As of 12:00 PM | July 23, 2025
𝐖𝐞𝐚𝐭𝐡𝐞𝐫 𝐒𝐲𝐬𝐭𝐞𝐦: 𝙎𝙤𝙪𝙩𝙝𝙬𝙚𝙨𝙩 𝙈𝙤𝙣𝙨𝙤𝙤𝙣
Areas within Davao City are experiencing sunny weather conditions with partly cloudy skies.
All river channels are monitored at 𝐂𝐎𝐃𝐄 𝐆𝐑𝐄𝐄𝐍 (𝘚𝘢𝘧𝘦 𝘓𝘦𝘷𝘦𝘭).
𝐂𝐎𝐀𝐒𝐓𝐀𝐋 𝐒𝐓𝐀𝐓𝐔𝐒:
> Calm seas
> Low tide
#𝗪𝗲𝗮𝘁𝗵𝗲𝗿𝗨𝗽𝗱𝗮𝘁𝗲
#𝗗𝗮𝘃𝗮𝗼𝗖𝗶𝘁𝘆𝗗𝗥𝗥𝗠𝗢 𝐂𝐃𝐑𝐑𝐌𝐎-𝐎𝐏𝐂𝐄𝐍 𝐖𝐄𝐀𝐓𝐇𝐄𝐑 𝐔𝐏𝐃𝐀𝐓𝐄: As of 12:00 PM | July 23, 2025 𝐖𝐞𝐚𝐭𝐡𝐞𝐫 𝐒𝐲𝐬𝐭𝐞𝐦: 𝙎𝙤𝙪𝙩𝙝𝙬𝙚𝙨𝙩 𝙈𝙤𝙣𝙨𝙤𝙤𝙣 Areas within Davao City are experiencing sunny weather conditions with partly cloudy skies. All river channels are monitored at 𝐂𝐎𝐃𝐄 𝐆𝐑𝐄𝐄𝐍 (𝘚𝘢𝘧𝘦 𝘓𝘦𝘷𝘦𝘭). 𝐂𝐎𝐀𝐒𝐓𝐀𝐋 𝐒𝐓𝐀𝐓𝐔𝐒: > Calm seas > Low tide #𝗪𝗲𝗮𝘁𝗵𝗲𝗿𝗨𝗽𝗱𝗮𝘁𝗲 #𝗗𝗮𝘃𝗮𝗼𝗖𝗶𝘁𝘆𝗗𝗥𝗥𝗠𝗢",Unknown,2025-07-23 12:37,Unknown,https://web.facebook.com/DavaoDRRMO/posts/1182435077254140?__cft__[0]=AZXGIe-uqOh2ONLDnXj2gYZXuJhzR4HH3HW1ZGGW8p-ptKOjfy_UY9_6NXd_RbEukYiqM9fFtlcedQG8oyoZFf5svO31_AlqphxKelZzKiza6zKp-oa3HQIF5D9qoTrPgsr9UnvHgJu_FbVBpmvI6tcN0bBivsOJLA1wBBvjYqsbDCEUbO0-ZQOC90OINgacpBA&__tn__=%2CO%2CP-R
Page,PHIVOLCS,"#EarthquakePH #EarthquakeAgusanDelSur
Earthquake Information No.1
Date and Time: 23 July 2025 - 12:35 PM
Magnitude = 1.7
Depth = 030 km
Location = 08.29°N, 125.97°E - 012 km N 12° W of Bunawan (Agusan Del Sur)
https://earthquake.phivolcs.dost.gov.ph/.../2025_0723... #EarthquakePH #EarthquakeAgusanDelSur Earthquake Information No.1 Date and Time: 23 July 2025 - 12:35 PM Magnitude = 1.7 Depth = 030 km Location = 08.29°N, 125.97°E - 012 km N 12° W of Bunawan (Agusan Del Sur) https://earthquake.phivolcs.dost.gov.ph/.../2025_0723...",Unknown,2025-07-23 12:37,Unknown,https://web.facebook.com/PHIVOLCS/posts/1064281775895786?__cft__[0]=AZWxmB6N2VIf5ZIhxK7yofwL5jo557EvVU7qd86ycEQNTwd7LQcPZN7lh5jCM-oQIxj4slhRhz8GMLAk5I_B672W7eCETFLj7uX7FfPACrmxBwikgqLukCAOIy53vmR87jXnh8p3qSupNnMIVxrZD2FbhGlyP9mkfBgNl3ERApHE8oWxFKQimIanCC4CCTRH2QI&__tn__=%2CO%2CP-R
