source,query_page,text,post_timestamp,scraped_timestamp,user,post_url
Facebook,BFPRHQ11,"PPSA CADETS PAY COURTESY CALL TO RD MASLANG AHEAD OF PPSACAT 2025 | A total of 12 cadets and three personnel from the Philippine Public Safety Academy (PPSA), headed by JSINSP DIANA C DANGANAN, paid a courtesy call to FCSUPT JUNITO F MASLANG, DSC, Regional Director of the Bureau of Fire Protection Region 11, in preparation for the upcoming Philippine Public Safety Academy Cadet Admission Test (PPSACAT) for Class 2028. The visit aimed to strengthen coordination and provide updates on the nationwide conduct of the PPSACAT 2025, which is scheduled on October 26, 2025 (Sunday). One of the designated testing centers in Mindanao is the University of Mindanao (Bolton Campus) in Davao City. For further details and updates, examinees may visit PPSA’s official website at ppsa.edu.ph or you may also follow the official PPSA Facebook page for announcements and detailed information about the upcoming exam. https://www.facebook.com/ppsa.ph PPSA CADETS PAY COURTESY CALL TO RD MASLANG AHEAD OF PPSACAT 2025 | A total of 12 cadets and three personnel from the Philippine Public Safety Academy (PPSA), headed by JSINSP DIANA C DANGANAN, paid a courtesy call to FCSUPT JUNITO F MASLANG, DSC, Regional Director of the Bureau of Fire Protection Region 11, in preparation for the upcoming Philippine Public Safety Academy Cadet Admission Test (PPSACAT) for Class 2028.",Unknown,2025-10-24 23:45,Unknown,https://www.facebook.com/BFPRHQ11/posts/pfbid02fDHDxPPsoqAnh6H89NyLDaqzgNv1viEdEsP24ev1UD98nNi9FUBFVQq51CxoNTul?__cft__[0]=AZUk-CZY-FUTu3uuqLsQAUeeKZ9j4H4PAIugJe7g8SrR_X97eLxrzZk-pHSfpoC8n_o-EJyJMgpAhkc0lRGtJzUpsebzR2AzpEhluCEPGQMyzxTmGsUIHC7dRCn29yDS3GzvJAGiP2ErqtGLCRgfd9S0ZMMBJcazYlRkiHtUaHBMNozhrsCcnR93DaAWM4e_nnev-yX4-KwSRs_l3ci77KQP&__tn__=%2CO%2CP-R
Facebook,DavaoDRRMO,"𝐂𝐃𝐑𝐑𝐌𝐎-𝐎𝐏𝐂𝐄𝐍 𝐖𝐄𝐀𝐓𝐇𝐄𝐑 𝐔𝐏𝐃𝐀𝐓𝐄: As of 11:10 PM | October 24, 2025 𝐖𝐞𝐚𝐭𝐡𝐞𝐫 𝐒𝐲𝐬𝐭𝐞𝐦: 𝙄𝙣𝙩𝙚𝙧𝙩𝙧𝙤𝙥𝙞𝙘𝙖𝙡 𝘾𝙤𝙣𝙫𝙚𝙧𝙜𝙚𝙣𝙘𝙚 𝙕𝙤𝙣𝙚 (𝙄𝙏𝘾𝙕) Previously reported rainfall in portions of Agdao, Bunawan, Buhangin, Talomo Districts has stopped. Meanwhile, light rainfall is experienced in some areas of Calinan, Toril, and Tugbok Districts.  Other areas within Davao City are experiencing cloudy conditions with scattered rain (mostly drizzling).  All river channels are monitored at 𝐂𝐎𝐃𝐄 𝐆𝐑𝐄𝐄𝐍 (𝘚𝘢𝘧𝘦 𝘓𝘦𝘷𝘦𝘭). 𝐂𝐎𝐀𝐒𝐓𝐀𝐋 𝐒𝐓𝐀𝐓𝐔𝐒: > Calm seas > Going low tide #𝗪𝗲𝗮𝘁𝗵𝗲𝗿𝗨𝗽𝗱𝗮𝘁𝗲 #𝗗𝗮𝘃𝗮𝗼𝗖𝗶𝘁𝘆𝗗𝗥𝗥𝗠𝗢 𝐂𝐃𝐑𝐑𝐌𝐎-𝐎𝐏𝐂𝐄𝐍 𝐖𝐄𝐀𝐓𝐇𝐄𝐑 𝐔𝐏𝐃𝐀𝐓𝐄:",Unknown,2025-10-24 23:45,Unknown,https://www.facebook.com/DavaoDRRMO/posts/pfbid0xbD3WmWGEuQnfhESUa2WeoqSLAxoFRNFeesNYCe9Ze5diMWRwqeRzjFkSaQs5Qrfl?__cft__[0]=AZXz1_uUe2JwYwgp0-Xv6NFngSkGS1CXv1GY7djrcoj3NByMTdojb1ZkBJoO5SreZr2Vs0LnbtU5aulc2ucoeTSx8KarF-snnTJ5uPpE7kUSP8H4WjwAvFd_icOEPEcodWoiLmBcNiuyhLdJ2tVqiSDZ9g9sKMOeYrU5gx__eaRl7Icbejo-_SfrCfUgWDfDpcU&__tn__=%2CO%2CP-R
Facebook,manilabulletin,"A social media post by a resident criticizing the supposed disorganized distribution of relief goods for fire victims in Barangay Catmon went viral on Thursday, Oct. 23, drawing mixed reactions online and prompting clarification from the city government. A social media post by a resident criticizing the supposed disorganized distribution of relief goods for fire victims in Barangay Catmon went viral on Thursday, Oct. 23, drawing mixed reactions online and prompting clarification from the city government.",Unknown,2025-10-24 23:45,Unknown,https://www.facebook.com/ManilaBulletin/posts/pfbid06HYvWJ1Kv4T7GoSQngszFxzRs5zMPQgG2QafSsCwAtJKrt7ndFieaHU1qqTBWktVl?__cft__[0]=AZXuPXTfSLQ0HvbPP9JikFkbc7jHk08sLDHkyOUs-KmqigieAOeplnueBzklssBopASKMmxoucCnFAKiCLwFFJ1AIA0zIV1FuGVy44vv7ntl41922L1I4oOH-t3c3smR9Z9eeOxxtKyf6uurfuaXXtKMFwJajxl4dpBJZlT6bXvsw3L1Cq16hWoqhVxtnLKykSqXAuC39vIC0J2d85LP3krq&__tn__=%2CO%2CP-R
Facebook,NDRRMC,"PUBLIC ADVISORY Temporary NDRRM Operations Center Hotline Numbers Please be informed that the NDRRM Operations Center’s main telephone lines — (02) 8911-5061 to 64 — are temporarily unavailable due to the migration of telephone lines. The public and partner agencies may reach the NDRRM Operations Center through the following temporary hotline numbers for coordination, reporting, concerns and assistance:  (02) 8912-3046  (02) 8912-5668 We apologize for any inconvenience this may cause and appreciate your understanding and continued cooperation. #NDRRMC  #BawatSegundoMahalaga PUBLIC ADVISORY",Unknown,2025-10-24 23:45,Unknown,https://www.facebook.com/NDRRMC/posts/pfbid02sinn7Srv3YSEdNCGWNLcaYrGsnYYQxxgS6qiAjgpLDXzNVcy1RRmS2yc4pvjCHCDl?__cft__[0]=AZWm01rTSIWsI20kurRzdoJCxJGtEgIQ2fFBonjvpfVsDqoC3GUdyk8ZhzoE3OoZpzUB2TPy3hh_nHekMK0XW7N2qr_3cThgfiBBHvH2k7x2OdotETy_vfaeq66uF9RUxWO9OYZ_2BBfDjGlbPAzkKyHmhYviRAgfAKD8o5z0H5XZn-9Nw_-IL6iUapD7EZAFDo&__tn__=%2CO%2CP-R
Facebook,PhilstarNews,Rep. Salvador Pleyto rejected Ombudsman Boying Remulla’s assertion that he received “remittances” from a contractor of a substandard flood control project prior to entering Congress in 2022. Rep. Salvador Pleyto rejected Ombudsman Boying Remulla’s assertion that he received “remittances” from a contractor of a substandard flood control project prior to entering Congress in 2022.,Unknown,2025-10-24 23:45,Unknown,https://www.facebook.com/philstarnews/posts/pfbid0wBJQQmTHxqirfKFwh4wgXE4k2njiozRAjsD7uVZ83KHynSobZKauVAgDaKcPeCRal?__cft__[0]=AZVl8kZIjl9b6lpfUHC2ZluzmNFugLwKTuaedlyXkA_zse20usoETZbyE9nUN-wFCoHZBNC7bgH3RIB3E5g2Zge373x3D5Hg16hhJfRkDL8lJC32XI6MUBomnG4g2PLbG85x7brAAw-41WAeRQZsZjN6VN5wsUsvf3w87EABFuRJi8WJSl1NznZCh3x865U-YDY&__tn__=%2CO%2CP-R
Facebook,PHIVOLCS,"#EarthquakePH #EarthquakeOrientalMindoro Earthquake Information No.1 Date and Time: 24 October 2025 - 11:40 PM Magnitude = 1.4 Depth = 031 km Location = 13.04°N, 121.20°E - 017 km S 30° W of Victoria (Oriental Mindoro) https://earthquake.phivolcs.dost.gov.ph/.../2025_1024... #EarthquakePH #EarthquakeOrientalMindoro",Unknown,2025-10-24 23:45,Unknown,https://www.facebook.com/PHIVOLCS/posts/pfbid02jVKiVPAFDES5YpTgfpH8EMrVLduDtDxzqf1D1vGBeUsyLmNabqrSVuSgCwvXsbw6l?__cft__[0]=AZX5BBhhTl_jjatasoMO2bUdfpA7dtYutsZmmIldGlCjwZR9rLlmLMzKaZxjPAb4IPkItbwFObocGs3aIiqRVZmBsgVOIjBxEP2s9p9wHc0f-uzpuNLjodsdFwXk2QKeWX90g5-iLuIYmD8syMhVfKANtxk3PHyAoaadI0pt6D852xXM-fKxtGvpsZ4TAYfsQY4&__tn__=%2CO%2CP-R
Facebook,rapplerdotcom,"Alas U18 enters Asian Youth Games quarters off back-to-back wins WATCH: Alas Pilipinas U18 turns in a rousing win before a huge crowd of Filipinos in Bahrain as it sweeps Hong Kong, 25-15, 28-26, 25-21, going into the quarterfinals of the Asian Youth Games.  The Filipinas have won three of their four games as they also beat South Korea and China, losing only to Thailand. | via Delfin Dioquino/Rappler Alas U18 enters Asian Youth Games quarters off back-to-back wins",Unknown,2025-10-24 23:45,Unknown,https://www.facebook.com/rapplerdotcom/
Facebook,stormchasersPH,"LINDOL ALERT Niyanig ng magnitude 4.8 na aftershock ang Bogo City, #Cebu kaninang 9:59 PM, Biyernes, October 24. May magsasabi nanamang 10 10 10 ito..",Unknown,2025-10-24 23:45,Unknown,https://www.facebook.com/stormchasersPH/posts/pfbid0QiPdT3Ehi2wWUPxirRyR3j8pVSk3aKE227HEB64FXvVFXBMkVeQvPzQZ71cHEoM3l?__cft__[0]=AZWEIuFq5NK8sNuZyryc_plr3ftybAasOURgDM4txn9D4BTZ-Iysq0eJIzdQ7xKwsFKPcnsvnTK-SIQPceqc7a-B1X8oZ-JGXru5R9auFlq2grmYDyzMU_FeXmbLKyL3FveRrqFXFkHfeod43SltZo32hfdLy5tAAZADqEBaX3p-IV9ipHQGgl5dorOR7AWEQJI&__tn__=%2CO%2CP-R
Facebook,UNTVNewsRescue,Hindi na ipinipilit ni dating Bulacan 1st District Assistant District Engineer Brice Hernandez na maging state witness sa imbestigasyon sa maanomalyang flood control projects.,Unknown,2025-10-24 23:45,Unknown,https://www.facebook.com/UNTVNewsRescue/
Facebook,#BahaPH,"RUMARAGASANG BAHA SA CALBAYOG CITY, SAMAR WATCH: Rumaragasang baha ang naranasan sa isang kalsada sa Barangay Caglanipao, #CalbayogCity, #Samar ngayong umaga, Oktubre 18, 2025, dahil sa walang tigil na pag-ulan dulot ng Bagyong #RamilPH. Ayon sa mga residente, tila naging dagat na ang kanilang kalsada dahil sa lakas ng agos ng tubig-baha sa lugar.  Kabasura Vlog | FB #hazardwatchph #bagyongramil #WeatherUpdate #RamilPH #bahaph RUMARAGASANG BAHA SA CALBAYOG CITY, SAMAR",Unknown,2025-10-24 23:45,Unknown,https://www.facebook.com/hashtag/BahaPH
Facebook,#EarthquakeAlert,"BREAKING: MAGNITUDE 5.0 LINDOL SHAKES CABANGAN,  ZAMBALES; ALSO FELT IN METRO MANILA, PANGASINAN, CENTRAL LUZON!  EARTHQUAKE ALERT: A magnitude 5.0 earthquake hits Cabangan Zambales at 5:32 PM today Saturday, October 11, 2025. It had a depth of 100 km. It was reportedly felt in #MetroManila, #Zambales, #Bataan, #Bulacan, #Pampanga, #Pangasinan, #Tarlac, and nearby provinces.  Instrumental Intensities:  Intensity III - Cabangan and Iba, ZAMBALES  Intensity II - Calumpit, BULACAN; San Fernando, LA UNION; Guimba, NUEVA ECIJA; Bani, Dagupan City, PANGASINAN; Santa Ignacia, Tarlac City, and Ramos, TARLAC; Botolan, Subic and San Marcelino, ZAMBALES Keep Safe mga Ka-Update as aftershocks are EXPECTED to occur!  #panaboupdates  #EarthquakeAlert #EarthquakePH #LindolPH #trendingnews #Earthquake2025 #zambales #lindol #linog BREAKING: MAGNITUDE 5.0 LINDOL SHAKES CABANGAN,  ZAMBALES; ALSO FELT IN METRO MANILA, PANGASINAN, CENTRAL LUZON!",Unknown,2025-10-24 23:45,Unknown,https://www.facebook.com/hashtag/EarthquakeAlert
Facebook,#EarthquakePH,"#EarthquakePH #EarthquakeCebu #iFelt_CebuEarthquake Earthquake Information No.1 Date and Time: 13 October 2025 - 01:06 AM Magnitude = 6.0 Depth = 010 km Location = 10.92°N, 123.95°E - 014 km S 13° W of City Of Bogo (Cebu) Instrumental Intensities:  Intensity V - Villaba, LEYTE  Intensity IV - Danao, Asturias, Argao City, Talisay, Cebu City, CEBU; Isabel, Leyte, Hilongos, Ormoc City, Abuyog, LEYTE; Hinunangan, SOUTHERN LEYTE https://earthquake.phivolcs.dost.gov.ph/.../2025_1012... #EarthquakePH #EarthquakeCebu",Unknown,2025-10-24 23:45,Unknown,https://www.facebook.com/PHIVOLCS/posts/pfbid02514yQ61yB9SBT28LVg6giRjs2E8s7JUG7VF1WtFbgFiWFNWnTtKyTfwR8Qf9Lui5l?__cft__[0]=AZXVHSNIc0_SvS8mgV9V1ymUe_t_qB6Nf7xCaSRa2RA6oXg53MOaB6-axjmk3LIdGFfNK4wElPooSiJqhwIiDdFA1wXanymcQAlMkq4tvBF6XkZyYqOUvd3GhaEZ6r8eM8ATmJG0rErh4UBwmN4Co7pGAXrsCGClxoQ5KvwkxfhzSrliX8VPHi8COMNw1m3kmHY&__tn__=%2CO%2CP-R
Facebook,#FireAlert,"Nagselos ang bana, balay gisunog!  #FireAlert #highlighteveryone Nagselos ang bana, balay gisunog!",Unknown,2025-10-24 23:45,Unknown,https://www.facebook.com/theaongismslabihay/posts/pfbid02aeFjWV49Zxof5Gf2APUE2V177inN15nhVxPit4BTVB3jcTd7VhG3vv5gBXw97mKkl?__cft__[0]=AZWpmYchV5c70ToWrV8YEL6lH8a6XPDMtFdau0l8f0JW15fUOieAByggq4ckGwuCEyrOm4DUKu1QfMu7tZJPLbPg4A1LYTvRwcgDO36Gu3MyoR5DawVV8M1kKUXZJxRtei_hpxhZL4Bs_eAuEfrS1_GYdxQI8-darOMQT8TYKLM-aMhukGaJqZl4ORByzVh7Wck&__tn__=%2CO%2CP-R
Facebook,#LandslideAlert,"#1D_News | Quezon, Bukidnon, Philippines   BREAKING: Search & Rescue in Progress After Landslide Hits Tricab in Bukidnon LOOK: Emergency teams are racing against time to locate a couple believed to be trapped after a tricab was engulfed by a landslide along a mountainous stretch of Buda Road. The incident occurred in Palacapao, Quezon, following continuous rains in the area. Rescue operations are currently underway. Stay tuned for updates. Buda Road, Palacapao, Quezon, Bukidnon LGU Quezon, Bukidnon #1Davao #OneDavao  #RoadClosure #QuezonBukidnon  #DavaoNewMedia #1DavaoNews  #davaodigitalmedia #digitalmedia  #BukidnonNews #LandslideAlert  #RescueOperations #overviewbukidnon  #OverViewQuezonBukidnon #1D_News | Quezon, Bukidnon, Philippines",Unknown,2025-10-24 23:45,Unknown,https://www.facebook.com/1Davao.PH/posts/pfbid02NEfkmsU2hsFfYCBjwHbThyKRZxLQtUj3rV1Hyf2fPxUvMFjfvYMCqrXZguSV3ao2l?__cft__[0]=AZVFPq6BLIVR6945Uxr78uBpJfGpqnFUoPmBjyucqcixjt4brhyqY5gbi6haP_nwH5xDRAX1v72WeEt7gIPai2INfC6pRyVHU5etF9rTvjtPjE65LM4D2a7XtU_kWiHCpB45ZrUptducTkGFbg6KhvS0ZLWxxv-ZQCAb9u-wEdQdpf5zTOvi8MVp1Xuv_adTid8&__tn__=%2CO%2CP-R
Facebook,#LandslidePH,"A landslide occurred at 12:30 AM in San Ramon, San Ricardo, Southern Leyte, on July 13, 2025, resulting in one person missing and one injured.  The incident took place in Barangay San Ramon, a village located 40 kilometers from the town proper.According to reports the landslide was triggered by prolonged heavy rains.  The missing person was identified as Dador Moscosa, a foreman for 888 ACY Construction, the company working on a viaduct project in the area.  #SanRicardoLandslide #SouthernLeyteAlert #LeyteLandslide #LandslidePH #PHWeatherAlert ctto A landslide occurred at 12:30 AM in San Ramon, San Ricardo, Southern Leyte, on July 13, 2025, resulting in one person missing and one injured.",Unknown,2025-10-24 23:45,Unknown,https://www.facebook.com/DavaoCityResponder/posts/pfbid02uydA9Ug252V8KzAZdaRy6T24WJTMnCBqoNCuGNTxJqxwq9UKRXWbQevxewUFdm9Fl?__cft__[0]=AZWny-lcRZ4kgqOfgixU8B5ANQ0rZJktWqNNDWmMEhle6oLw5PoFICs49y5NtiGntYYuzntPf7x1cDXdR-KEiSrY25UquciOCca43TCcuxvHE95U3KWYGHKKHde7_kIna1JbAR9V3_ORKg4lK1ZEbs6hC1whwO3k0LL0V7Azgmq3dy5eAWl1na7m6hq6WaXkMZE&__tn__=%2CO%2CP-R
Facebook,#RescuePH,"Meet Wanhan, the one-handed fighter who refused to give up.  After what looked like a hit-and-run, this dog dragged himself through an open gate. He was weak, crying, bleeding, and looking for safety. I wanted to give him a fighting chance… X-rays & labs revealed the extent of his injuries: - Broken pelvic bone - Burst bladder (his abdomen was full of urine) - Anemia and infection Emergency surgery was his only chance. His bladder has been repaired, and he’s now slowly recovering. But he still needs continued medication and post-surgery care to fully heal… If you’d like to help Wanhan recover and cover his medical bills, you can donate through:  GCash: AL. J. L - 09229245722  BPI – 9419-1736-03 - Alma Jo Latada  BDO - 0032-5050-8661 - Alma Jo Latada Whatever amount, big or small, will help cover Wanhan’s bills and meds. Sharing this post helps too!  Strays don’t choose the streets, they just survive them. Thank you for giving this brave boy a second chance.  #RescuePH #PawsInAction #AnimalRescue Meet Wanhan, the one-handed fighter who refused to give up.",Unknown,2025-10-24 23:45,Unknown,https://www.facebook.com/majojojoooo/posts/pfbid02bGwzhM1KfNgrvsewpBBZWiKg32qBiFvRmZtj8nG1Tm9MumbLkifih4dqyqqhSp95l?__cft__[0]=AZUhEdIDOCY6qYQomjjKo_bcnEMJyGBlEPNSeW6XrorDgo_dW1y2Cb_yfkR42NAHJSyA4Nds6mDA2u8GkNCDnZPwOBMy3ek14Tgnjc5e3fmYB5_tu3mGZCtIkt8rtU3XnSWPR8tEtrVfzlUSa9OQraHfzlvQSlK73LD8Zqfgn9siV8Ea7gggtTI_sr0K_z7Fyfs&__tn__=%2CO%2CP-R
Facebook,#StreetFloodAlert,"QUEZON CITY ALERT  Grabe ang buhos ng ulan ngayon sa QC!Partikular sa Masaya St., Maginhawa, at kanto ng Commonwealth — tuloy-tuloy ang malakas na ulan.",Unknown,2025-10-24 23:45,Unknown,https://www.facebook.com/hashtag/StreetFloodAlert
Facebook,#tsunamialert,"𝗣𝗥𝗔𝗬 𝗙𝗢𝗥 𝗗𝗔𝗩𝗔𝗢  A magnitude 7.6 earthquake has struck Davao and surrounding regions, deeply affecting many lives. As we navigate these challenges, let us pray and trust in God for protection and strength. Our hearts are with everyone in Davao Oriental and throughout the Philippines.   Ctto via Tsismoso/original owner #PrayForDavao #Kagayunknown #folowers #TopFans  #PrayForThePhilippines #WonderfulBicol #Bayanihan #LabanPilipinas #EarthquakePH #TsunamiAlert #Hope #Faith #FilipinoSpirit #StaySafePH #Mindanao #GodIsWithUs 𝗣𝗥𝗔𝗬 𝗙𝗢𝗥 𝗗𝗔𝗩𝗔𝗢",Unknown,2025-10-24 23:45,Unknown,https://www.facebook.com/Cdoaimtospiretv/posts/pfbid0iBkX4MnNDEv8MjxiKYZ6bkAhUox6NFpd3MCuZQTj6ZWb7uXLNxkCfPQmbsVyQktil?__cft__[0]=AZUMUKIE770e4u1ft6cTKZDv-i0Mr_yzguyhtGVedZAaMWwkAH8lbxegtFGMM5Epfc52aamw4IQiAkOfGPuNrP2ZgJY2XUsH0QbOdCJObk-AtI63zoqrCTzeMs_uzz8mSdmU08tvrQvVpKaIm5xJkmEmeWdyBb_MRLitXjrZIGdLeukiKoZYzo3Kz5yQ-td0Dvk&__tn__=%2CO%2CP-R
X,dost_pagasa,"Thunderstorm Advisory No. 6 #NCR_PRSD
Issued at: 8:56 PM, 23 October 2025(Thursday)

Moderate to heavy rainshowers with lightning and strong winds are expected over Bulacan(Norzagaray, San Jose del Monte) and Rizal(Rodriguez, Antipolo, Tanay) within the next 2 hours.

Heavy to",2025-10-23 20:58,2025-10-24 23:51,dost_pagasa,https://x.com/dost_pagasa/status/1981344405505413438
X,dost_pagasa,"Thunderstorm Advisory No. 5 #NCR_PRSD
Issued at: 6:45 PM, 23 October 2025(Thursday)

Moderate to heavy rainshowers with lightning and strong winds are expected over Nueva Ecija(Carranglan, Lupao, Munoz, Talugtug, Cuyapo), Bataan(Mariveles, Limay, Orion, Pilar, Balanga, Abucay,",2025-10-23 18:50,2025-10-24 23:51,dost_pagasa,https://x.com/dost_pagasa/status/1981312315619496123
X,dost_pagasa,"Thunderstorm Advisory No. 4 #NCR_PRSD
Issued at: 6:10 PM, 23 October 2025(Thursday)

Moderate to heavy rainshowers with lightning and strong winds are expected over Nueva Ecija(Carranglan) and Quezon(Real, Mauban, San Narciso, San Andres, San Francisco) within the next 2 hours.",2025-10-23 18:12,2025-10-24 23:51,dost_pagasa,https://x.com/dost_pagasa/status/1981302694175527375
X,dost_pagasa,"Thunderstorm Advisory No. 3 #NCR_PRSD
Issued at: 4:00 PM, 23 October 2025(Thursday)

Moderate to heavy rainshowers with lightning and strong winds are expected over Quezon(Panukulan, Polillo, Burdeos, Patnanungan, Infanta, Real, Mauban, Tagkawayan, Guinayangan, Lopez, Buenavista,",2025-10-23 16:00,2025-10-24 23:51,dost_pagasa,https://x.com/dost_pagasa/status/1981269592275374164
X,NDRRMC_OpCen,"Summary of 24-Hour Observation of Active Volcanoes Mt. Taal, Mayon, Bulusan and Kanlaon

23 October 2025

Source: Philippine Institute of Volcanology and Seismology (PHIVOLCS-DOST)

#NDRRMC
#BawatSegundoMahalaga",2025-10-23 09:30,2025-10-24 23:51,NDRRMC_OpCen,https://x.com/NDRRMC_OpCen/status/1981171319355126168
X,NDRRMC_OpCen,"TROPICAL CYCLONE BULLETIN NR. 8
Tropical Depression #SalomePH
Issued at 8:00 AM, 23 October 2025
Valid for broadcast until the next bulletin at 11:00 AM today.

“SALOME” WEAKENS AND IS MOVING SOUTHWESTWARD OVER LUZON STRAIT.

Location of Center (7:00 AM)
The center of Tropical",2025-10-23 08:57,2025-10-24 23:51,NDRRMC_OpCen,https://x.com/NDRRMC_OpCen/status/1981163057742303266
X,NDRRMC_OpCen,"TROPICAL CYCLONE BULLETIN NR. 7
Tropical Storm #SalomePH
Issued at 5:00 AM, 23 October 2025
Valid for broadcast until the next bulletin at 8:00 AM today.

“SALOME” IS NOW OVER THE COASTAL WATERS OF BATANES.

Location of Center (4:00 AM):
The center of Tropical Storm SALOME was",2025-10-23 06:22,2025-10-24 23:51,NDRRMC_OpCen,https://x.com/NDRRMC_OpCen/status/1981124017793929284
X,NDRRMC_OpCen,"Maging alerto, mga lalawigan ng #NegrosOccidental at #NegrosOriental !

NDRRMC (05:57 AM, 23 Oct 2025) Lahat ay pinag-iingat sa maaaring pagpatak ng abo na ibinuga ng Bulkang Kanlaon patungong silangan dakong 05:30 ng umaga.

#NDRRMC
#BawatSegundoMahalaga",2025-10-23 06:01,2025-10-24 23:51,NDRRMC_OpCen,https://x.com/NDRRMC_OpCen/status/1981118803657609361
X,NDRRMC_OpCen,"Ibahagi at ikomento ang kalagayan sa inyong lugar, mag ingat po tayong lahat!",2025-10-23 06:03,2025-10-24 23:51,NDRRMC_OpCen,https://x.com/NDRRMC_OpCen/status/1981119164971643290
X,phivolcs_dost,"#EarthquakePH #EarthquakeSurigaoDelNorte
Earthquake Information No.1
Date and Time: 24 October 2025 - 09:01 PM
Magnitude = 1.9
Depth = 032 km
Location = 09.67°N, 126.27°E - 018 km S 45° E of General Luna (Surigao Del Norte)
earthquake.phivolcs.dost.gov.ph/2025_Earthquak
…",2025-10-24 21:07,2025-10-24 23:51,phivolcs_dost,https://x.com/phivolcs_dost/status/1981709056336449641
X,phivolcs_dost,"#EarthquakePH #EarthquakeCebu
Earthquake Information No.1
Date and Time: 24 October 2025 - 08:54 PM
Magnitude = 2.2
Depth = 030 km
Location = 11.07°N, 123.96°E - 003 km N 37° W of City Of Bogo (Cebu)
earthquake.phivolcs.dost.gov.ph/2025_Earthquak
…",2025-10-24 21:03,2025-10-24 23:51,phivolcs_dost,https://x.com/phivolcs_dost/status/1981708214241780214
X,phivolcs_dost,"#EarthquakePH #EarthquakeSurigaoDelNorte
Earthquake Information No.1
Date and Time: 24 October 2025 - 08:41 PM
Magnitude = 2.0
Depth = 037 km
Location = 09.65°N, 126.18°E - 014 km S 09° E of General Luna (Surigao Del Norte)
earthquake.phivolcs.dost.gov.ph/2025_Earthquak
…",2025-10-24 20:51,2025-10-24 23:51,phivolcs_dost,https://x.com/phivolcs_dost/status/1981705141242695996
